+ /home/user/Can-Optimizer-State-Repair-Recover-Plasticity-Without-Relearning-Features/paper/.texlocal/root/usr/bin/pdflatex -interaction=nonstopmode -halt-on-error main.tex
This is pdfTeX, Version 3.141592653-2.6-1.40.25 (TeX Live 2023/Debian) (preloaded format=pdflatex)
 restricted \write18 enabled.
entering extended mode
(./main.tex
LaTeX2e <2023-11-01> patch level 1
L3 programming layer <2024-01-22>

(/home/user/Can-Optimizer-State-Repair-Recover-Plasticity-Without-Relearning-Fe
atures/paper/.texlocal/root/usr/share/texlive/texmf-dist/tex/latex/base/article
.cls
Document Class: article 2023/05/17 v1.4n Standard LaTeX document class

(/home/user/Can-Optimizer-State-Repair-Recover-Plasticity-Without-Relearning-Fe
atures/paper/.texlocal/root/usr/share/texlive/texmf-dist/tex/latex/base/size10.
clo))
(/home/user/Can-Optimizer-State-Repair-Recover-Plasticity-Without-Relearning-Fe
atures/paper/iclr_style_official/iclr2027/iclr2027_conference.sty
(/home/user/Can-Optimizer-State-Repair-Recover-Plasticity-Without-Relearning-Fe
atures/paper/.texlocal/root/usr/share/texlive/texmf-dist/tex/latex/eso-pic/eso-
pic.sty
(/home/user/Can-Optimizer-State-Repair-Recover-Plasticity-Without-Relearning-Fe
atures/paper/.texlocal/root/usr/share/texlive/texmf-dist/tex/latex/graphics/key
val.sty)
(/home/user/Can-Optimizer-State-Repair-Recover-Plasticity-Without-Relearning-Fe
atures/paper/.texlocal/root/usr/share/texlive/texmf-dist/tex/latex/xcolor/xcolo
r.sty
(/home/user/Can-Optimizer-State-Repair-Recover-Plasticity-Without-Relearning-Fe
atures/paper/.texlocal/root/usr/share/texlive/texmf-dist/tex/latex/graphics-cfg
/color.cfg)
(/home/user/Can-Optimizer-State-Repair-Recover-Plasticity-Without-Relearning-Fe
atures/paper/.texlocal/root/usr/share/texlive/texmf-dist/tex/latex/graphics-def
/pdftex.def)
(/home/user/Can-Optimizer-State-Repair-Recover-Plasticity-Without-Relearning-Fe
atures/paper/.texlocal/root/usr/share/texlive/texmf-dist/tex/latex/graphics/mat
hcolor.ltx)))
(/home/user/Can-Optimizer-State-Repair-Recover-Plasticity-Without-Relearning-Fe
atures/paper/iclr_style_official/iclr2027/fancyhdr.sty)
(/home/user/Can-Optimizer-State-Repair-Recover-Plasticity-Without-Relearning-Fe
atures/paper/iclr_style_official/iclr2027/natbib.sty))
(/home/user/Can-Optimizer-State-Repair-Recover-Plasticity-Without-Relearning-Fe
atures/paper/.texlocal/root/usr/share/texlive/texmf-dist/tex/latex/psnfss/times
.sty)
(/home/user/Can-Optimizer-State-Repair-Recover-Plasticity-Without-Relearning-Fe
atures/paper/iclr_style_official/iclr2027/math_commands.tex
(/home/user/Can-Optimizer-State-Repair-Recover-Plasticity-Without-Relearning-Fe
atures/paper/.texlocal/root/usr/share/texlive/texmf-dist/tex/latex/amsmath/amsm
ath.sty
For additional information on amsmath, use the `?' option.

(/home/user/Can-Optimizer-State-Repair-Recover-Plasticity-Without-Relearning-Fe
atures/paper/.texlocal/root/usr/share/texlive/texmf-dist/tex/latex/amsmath/amst
ext.sty
(/home/user/Can-Optimizer-State-Repair-Recover-Plasticity-Without-Relearning-Fe
atures/paper/.texlocal/root/usr/share/texlive/texmf-dist/tex/latex/amsmath/amsg
en.sty))
(/home/user/Can-Optimizer-State-Repair-Recover-Plasticity-Without-Relearning-Fe
atures/paper/.texlocal/root/usr/share/texlive/texmf-dist/tex/latex/amsmath/amsb
sy.sty)
(/home/user/Can-Optimizer-State-Repair-Recover-Plasticity-Without-Relearning-Fe
atures/paper/.texlocal/root/usr/share/texlive/texmf-dist/tex/latex/amsmath/amso
pn.sty))
(/home/user/Can-Optimizer-State-Repair-Recover-Plasticity-Without-Relearning-Fe
atures/paper/.texlocal/root/usr/share/texlive/texmf-dist/tex/latex/amsfonts/ams
fonts.sty)
(/home/user/Can-Optimizer-State-Repair-Recover-Plasticity-Without-Relearning-Fe
atures/paper/.texlocal/root/usr/share/texlive/texmf-dist/tex/latex/tools/bm.sty
))
(/home/user/Can-Optimizer-State-Repair-Recover-Plasticity-Without-Relearning-Fe
atures/paper/.texlocal/root/usr/share/texlive/texmf-dist/tex/latex/hyperref/hyp
erref.sty
(/home/user/Can-Optimizer-State-Repair-Recover-Plasticity-Without-Relearning-Fe
atures/paper/.texlocal/root/usr/share/texlive/texmf-dist/tex/generic/iftex/ifte
x.sty)
(/home/user/Can-Optimizer-State-Repair-Recover-Plasticity-Without-Relearning-Fe
atures/paper/.texlocal/root/usr/share/texlive/texmf-dist/tex/latex/kvsetkeys/kv
setkeys.sty)
(/home/user/Can-Optimizer-State-Repair-Recover-Plasticity-Without-Relearning-Fe
atures/paper/.texlocal/root/usr/share/texlive/texmf-dist/tex/generic/kvdefineke
ys/kvdefinekeys.sty)
(/home/user/Can-Optimizer-State-Repair-Recover-Plasticity-Without-Relearning-Fe
atures/paper/.texlocal/root/usr/share/texlive/texmf-dist/tex/generic/pdfescape/
pdfescape.sty
(/home/user/Can-Optimizer-State-Repair-Recover-Plasticity-Without-Relearning-Fe
atures/paper/.texlocal/root/usr/share/texlive/texmf-dist/tex/generic/ltxcmds/lt
xcmds.sty)
(/home/user/Can-Optimizer-State-Repair-Recover-Plasticity-Without-Relearning-Fe
atures/paper/.texlocal/root/usr/share/texlive/texmf-dist/tex/generic/pdftexcmds
/pdftexcmds.sty
(/home/user/Can-Optimizer-State-Repair-Recover-Plasticity-Without-Relearning-Fe
atures/paper/.texlocal/root/usr/share/texlive/texmf-dist/tex/generic/infwarerr/
infwarerr.sty)))
(/home/user/Can-Optimizer-State-Repair-Recover-Plasticity-Without-Relearning-Fe
atures/paper/.texlocal/root/usr/share/texlive/texmf-dist/tex/latex/hycolor/hyco
lor.sty)
(/home/user/Can-Optimizer-State-Repair-Recover-Plasticity-Without-Relearning-Fe
atures/paper/.texlocal/root/usr/share/texlive/texmf-dist/tex/latex/auxhook/auxh
ook.sty)
(/home/user/Can-Optimizer-State-Repair-Recover-Plasticity-Without-Relearning-Fe
atures/paper/.texlocal/root/usr/share/texlive/texmf-dist/tex/latex/hyperref/nam
eref.sty
(/home/user/Can-Optimizer-State-Repair-Recover-Plasticity-Without-Relearning-Fe
atures/paper/.texlocal/root/usr/share/texlive/texmf-dist/tex/latex/refcount/ref
count.sty)
(/home/user/Can-Optimizer-State-Repair-Recover-Plasticity-Without-Relearning-Fe
atures/paper/.texlocal/root/usr/share/texlive/texmf-dist/tex/generic/gettitlest
ring/gettitlestring.sty
(/home/user/Can-Optimizer-State-Repair-Recover-Plasticity-Without-Relearning-Fe
atures/paper/.texlocal/root/usr/share/texlive/texmf-dist/tex/latex/kvoptions/kv
options.sty)))
(/home/user/Can-Optimizer-State-Repair-Recover-Plasticity-Without-Relearning-Fe
atures/paper/.texlocal/root/usr/share/texlive/texmf-dist/tex/latex/etoolbox/eto
olbox.sty)
(/home/user/Can-Optimizer-State-Repair-Recover-Plasticity-Without-Relearning-Fe
atures/paper/.texlocal/root/usr/share/texlive/texmf-dist/tex/latex/hyperref/pd1
enc.def)
(/home/user/Can-Optimizer-State-Repair-Recover-Plasticity-Without-Relearning-Fe
atures/paper/.texlocal/root/usr/share/texlive/texmf-dist/tex/generic/intcalc/in
tcalc.sty)
(/home/user/Can-Optimizer-State-Repair-Recover-Plasticity-Without-Relearning-Fe
atures/paper/.texlocal/root/usr/share/texlive/texmf-dist/tex/latex/hyperref/pue
nc.def)
(/home/user/Can-Optimizer-State-Repair-Recover-Plasticity-Without-Relearning-Fe
atures/paper/.texlocal/root/usr/share/texlive/texmf-dist/tex/latex/url/url.sty)

(/home/user/Can-Optimizer-State-Repair-Recover-Plasticity-Without-Relearning-Fe
atures/paper/.texlocal/root/usr/share/texlive/texmf-dist/tex/generic/bitset/bit
set.sty
(/home/user/Can-Optimizer-State-Repair-Recover-Plasticity-Without-Relearning-Fe
atures/paper/.texlocal/root/usr/share/texlive/texmf-dist/tex/generic/bigintcalc
/bigintcalc.sty))
(/home/user/Can-Optimizer-State-Repair-Recover-Plasticity-Without-Relearning-Fe
atures/paper/.texlocal/root/usr/share/texlive/texmf-dist/tex/latex/base/atbegsh
i-ltx.sty))
(/home/user/Can-Optimizer-State-Repair-Recover-Plasticity-Without-Relearning-Fe
atures/paper/.texlocal/root/usr/share/texlive/texmf-dist/tex/latex/hyperref/hpd
ftex.def
(/home/user/Can-Optimizer-State-Repair-Recover-Plasticity-Without-Relearning-Fe
atures/paper/.texlocal/root/usr/share/texlive/texmf-dist/tex/latex/base/atverye
nd-ltx.sty)
(/home/user/Can-Optimizer-State-Repair-Recover-Plasticity-Without-Relearning-Fe
atures/paper/.texlocal/root/usr/share/texlive/texmf-dist/tex/latex/rerunfileche
ck/rerunfilecheck.sty
(/home/user/Can-Optimizer-State-Repair-Recover-Plasticity-Without-Relearning-Fe
atures/paper/.texlocal/root/usr/share/texlive/texmf-dist/tex/generic/uniquecoun
ter/uniquecounter.sty)))
(/home/user/Can-Optimizer-State-Repair-Recover-Plasticity-Without-Relearning-Fe
atures/paper/.texlocal/root/usr/share/texlive/texmf-dist/tex/latex/booktabs/boo
ktabs.sty)
(/home/user/Can-Optimizer-State-Repair-Recover-Plasticity-Without-Relearning-Fe
atures/paper/.texlocal/root/usr/share/texlive/texmf-dist/tex/latex/amsfonts/ams
symb.sty)
(/home/user/Can-Optimizer-State-Repair-Recover-Plasticity-Without-Relearning-Fe
atures/paper/.texlocal/root/usr/share/texlive/texmf-dist/tex/latex/pgfplots/pgf
plots.sty
(/home/user/Can-Optimizer-State-Repair-Recover-Plasticity-Without-Relearning-Fe
atures/paper/.texlocal/root/usr/share/texlive/texmf-dist/tex/generic/pgfplots/p
gfplots.revision.tex)
(/home/user/Can-Optimizer-State-Repair-Recover-Plasticity-Without-Relearning-Fe
atures/paper/.texlocal/root/usr/share/texlive/texmf-dist/tex/latex/graphics/gra
phicx.sty
(/home/user/Can-Optimizer-State-Repair-Recover-Plasticity-Without-Relearning-Fe
atures/paper/.texlocal/root/usr/share/texlive/texmf-dist/tex/latex/graphics/gra
phics.sty
(/home/user/Can-Optimizer-State-Repair-Recover-Plasticity-Without-Relearning-Fe
atures/paper/.texlocal/root/usr/share/texlive/texmf-dist/tex/latex/graphics/tri
g.sty)
(/home/user/Can-Optimizer-State-Repair-Recover-Plasticity-Without-Relearning-Fe
atures/paper/.texlocal/root/usr/share/texlive/texmf-dist/tex/latex/graphics-cfg
/graphics.cfg)))
(/home/user/Can-Optimizer-State-Repair-Recover-Plasticity-Without-Relearning-Fe
atures/paper/.texlocal/root/usr/share/texlive/texmf-dist/tex/latex/pgf/frontend
layer/tikz.sty
(/home/user/Can-Optimizer-State-Repair-Recover-Plasticity-Without-Relearning-Fe
atures/paper/.texlocal/root/usr/share/texlive/texmf-dist/tex/latex/pgf/basiclay
er/pgf.sty
(/home/user/Can-Optimizer-State-Repair-Recover-Plasticity-Without-Relearning-Fe
atures/paper/.texlocal/root/usr/share/texlive/texmf-dist/tex/latex/pgf/utilitie
s/pgfrcs.sty
(/home/user/Can-Optimizer-State-Repair-Recover-Plasticity-Without-Relearning-Fe
atures/paper/.texlocal/root/usr/share/texlive/texmf-dist/tex/generic/pgf/utilit
ies/pgfutil-common.tex)
(/home/user/Can-Optimizer-State-Repair-Recover-Plasticity-Without-Relearning-Fe
atures/paper/.texlocal/root/usr/share/texlive/texmf-dist/tex/generic/pgf/utilit
ies/pgfutil-latex.def)
(/home/user/Can-Optimizer-State-Repair-Recover-Plasticity-Without-Relearning-Fe
atures/paper/.texlocal/root/usr/share/texlive/texmf-dist/tex/generic/pgf/utilit
ies/pgfrcs.code.tex
(/home/user/Can-Optimizer-State-Repair-Recover-Plasticity-Without-Relearning-Fe
atures/paper/.texlocal/root/usr/share/texlive/texmf-dist/tex/generic/pgf/pgf.re
vision.tex)))
(/home/user/Can-Optimizer-State-Repair-Recover-Plasticity-Without-Relearning-Fe
atures/paper/.texlocal/root/usr/share/texlive/texmf-dist/tex/latex/pgf/basiclay
er/pgfcore.sty
(/home/user/Can-Optimizer-State-Repair-Recover-Plasticity-Without-Relearning-Fe
atures/paper/.texlocal/root/usr/share/texlive/texmf-dist/tex/latex/pgf/systemla
yer/pgfsys.sty
(/home/user/Can-Optimizer-State-Repair-Recover-Plasticity-Without-Relearning-Fe
atures/paper/.texlocal/root/usr/share/texlive/texmf-dist/tex/generic/pgf/system
layer/pgfsys.code.tex
(/home/user/Can-Optimizer-State-Repair-Recover-Plasticity-Without-Relearning-Fe
atures/paper/.texlocal/root/usr/share/texlive/texmf-dist/tex/generic/pgf/utilit
ies/pgfkeys.code.tex
(/home/user/Can-Optimizer-State-Repair-Recover-Plasticity-Without-Relearning-Fe
atures/paper/.texlocal/root/usr/share/texlive/texmf-dist/tex/generic/pgf/utilit
ies/pgfkeyslibraryfiltered.code.tex))
(/home/user/Can-Optimizer-State-Repair-Recover-Plasticity-Without-Relearning-Fe
atures/paper/.texlocal/root/usr/share/texlive/texmf-dist/tex/generic/pgf/system
layer/pgf.cfg)
(/home/user/Can-Optimizer-State-Repair-Recover-Plasticity-Without-Relearning-Fe
atures/paper/.texlocal/root/usr/share/texlive/texmf-dist/tex/generic/pgf/system
layer/pgfsys-pdftex.def
(/home/user/Can-Optimizer-State-Repair-Recover-Plasticity-Without-Relearning-Fe
atures/paper/.texlocal/root/usr/share/texlive/texmf-dist/tex/generic/pgf/system
layer/pgfsys-common-pdf.def)))
(/home/user/Can-Optimizer-State-Repair-Recover-Plasticity-Without-Relearning-Fe
atures/paper/.texlocal/root/usr/share/texlive/texmf-dist/tex/generic/pgf/system
layer/pgfsyssoftpath.code.tex)
(/home/user/Can-Optimizer-State-Repair-Recover-Plasticity-Without-Relearning-Fe
atures/paper/.texlocal/root/usr/share/texlive/texmf-dist/tex/generic/pgf/system
layer/pgfsysprotocol.code.tex))
(/home/user/Can-Optimizer-State-Repair-Recover-Plasticity-Without-Relearning-Fe
atures/paper/.texlocal/root/usr/share/texlive/texmf-dist/tex/generic/pgf/basicl
ayer/pgfcore.code.tex
(/home/user/Can-Optimizer-State-Repair-Recover-Plasticity-Without-Relearning-Fe
atures/paper/.texlocal/root/usr/share/texlive/texmf-dist/tex/generic/pgf/math/p
gfmath.code.tex
(/home/user/Can-Optimizer-State-Repair-Recover-Plasticity-Without-Relearning-Fe
atures/paper/.texlocal/root/usr/share/texlive/texmf-dist/tex/generic/pgf/math/p
gfmathutil.code.tex)
(/home/user/Can-Optimizer-State-Repair-Recover-Plasticity-Without-Relearning-Fe
atures/paper/.texlocal/root/usr/share/texlive/texmf-dist/tex/generic/pgf/math/p
gfmathparser.code.tex)
(/home/user/Can-Optimizer-State-Repair-Recover-Plasticity-Without-Relearning-Fe
atures/paper/.texlocal/root/usr/share/texlive/texmf-dist/tex/generic/pgf/math/p
gfmathfunctions.code.tex)
(/home/user/Can-Optimizer-State-Repair-Recover-Plasticity-Without-Relearning-Fe
atures/paper/.texlocal/root/usr/share/texlive/texmf-dist/tex/generic/pgf/math/p
gfmathfunctions.basic.code.tex)
(/home/user/Can-Optimizer-State-Repair-Recover-Plasticity-Without-Relearning-Fe
atures/paper/.texlocal/root/usr/share/texlive/texmf-dist/tex/generic/pgf/math/p
gfmathfunctions.trigonometric.code.tex)
(/home/user/Can-Optimizer-State-Repair-Recover-Plasticity-Without-Relearning-Fe
atures/paper/.texlocal/root/usr/share/texlive/texmf-dist/tex/generic/pgf/math/p
gfmathfunctions.random.code.tex)
(/home/user/Can-Optimizer-State-Repair-Recover-Plasticity-Without-Relearning-Fe
atures/paper/.texlocal/root/usr/share/texlive/texmf-dist/tex/generic/pgf/math/p
gfmathfunctions.comparison.code.tex)
(/home/user/Can-Optimizer-State-Repair-Recover-Plasticity-Without-Relearning-Fe
atures/paper/.texlocal/root/usr/share/texlive/texmf-dist/tex/generic/pgf/math/p
gfmathfunctions.base.code.tex)
(/home/user/Can-Optimizer-State-Repair-Recover-Plasticity-Without-Relearning-Fe
atures/paper/.texlocal/root/usr/share/texlive/texmf-dist/tex/generic/pgf/math/p
gfmathfunctions.round.code.tex)
(/home/user/Can-Optimizer-State-Repair-Recover-Plasticity-Without-Relearning-Fe
atures/paper/.texlocal/root/usr/share/texlive/texmf-dist/tex/generic/pgf/math/p
gfmathfunctions.misc.code.tex)
(/home/user/Can-Optimizer-State-Repair-Recover-Plasticity-Without-Relearning-Fe
atures/paper/.texlocal/root/usr/share/texlive/texmf-dist/tex/generic/pgf/math/p
gfmathfunctions.integerarithmetics.code.tex)
(/home/user/Can-Optimizer-State-Repair-Recover-Plasticity-Without-Relearning-Fe
atures/paper/.texlocal/root/usr/share/texlive/texmf-dist/tex/generic/pgf/math/p
gfmathcalc.code.tex)
(/home/user/Can-Optimizer-State-Repair-Recover-Plasticity-Without-Relearning-Fe
atures/paper/.texlocal/root/usr/share/texlive/texmf-dist/tex/generic/pgf/math/p
gfmathfloat.code.tex))
(/home/user/Can-Optimizer-State-Repair-Recover-Plasticity-Without-Relearning-Fe
atures/paper/.texlocal/root/usr/share/texlive/texmf-dist/tex/generic/pgf/math/p
gfint.code.tex)
(/home/user/Can-Optimizer-State-Repair-Recover-Plasticity-Without-Relearning-Fe
atures/paper/.texlocal/root/usr/share/texlive/texmf-dist/tex/generic/pgf/basicl
ayer/pgfcorepoints.code.tex)
(/home/user/Can-Optimizer-State-Repair-Recover-Plasticity-Without-Relearning-Fe
atures/paper/.texlocal/root/usr/share/texlive/texmf-dist/tex/generic/pgf/basicl
ayer/pgfcorepathconstruct.code.tex)
(/home/user/Can-Optimizer-State-Repair-Recover-Plasticity-Without-Relearning-Fe
atures/paper/.texlocal/root/usr/share/texlive/texmf-dist/tex/generic/pgf/basicl
ayer/pgfcorepathusage.code.tex)
(/home/user/Can-Optimizer-State-Repair-Recover-Plasticity-Without-Relearning-Fe
atures/paper/.texlocal/root/usr/share/texlive/texmf-dist/tex/generic/pgf/basicl
ayer/pgfcorescopes.code.tex)
(/home/user/Can-Optimizer-State-Repair-Recover-Plasticity-Without-Relearning-Fe
atures/paper/.texlocal/root/usr/share/texlive/texmf-dist/tex/generic/pgf/basicl
ayer/pgfcoregraphicstate.code.tex)
(/home/user/Can-Optimizer-State-Repair-Recover-Plasticity-Without-Relearning-Fe
atures/paper/.texlocal/root/usr/share/texlive/texmf-dist/tex/generic/pgf/basicl
ayer/pgfcoretransformations.code.tex)
(/home/user/Can-Optimizer-State-Repair-Recover-Plasticity-Without-Relearning-Fe
atures/paper/.texlocal/root/usr/share/texlive/texmf-dist/tex/generic/pgf/basicl
ayer/pgfcorequick.code.tex)
(/home/user/Can-Optimizer-State-Repair-Recover-Plasticity-Without-Relearning-Fe
atures/paper/.texlocal/root/usr/share/texlive/texmf-dist/tex/generic/pgf/basicl
ayer/pgfcoreobjects.code.tex)
(/home/user/Can-Optimizer-State-Repair-Recover-Plasticity-Without-Relearning-Fe
atures/paper/.texlocal/root/usr/share/texlive/texmf-dist/tex/generic/pgf/basicl
ayer/pgfcorepathprocessing.code.tex)
(/home/user/Can-Optimizer-State-Repair-Recover-Plasticity-Without-Relearning-Fe
atures/paper/.texlocal/root/usr/share/texlive/texmf-dist/tex/generic/pgf/basicl
ayer/pgfcorearrows.code.tex)
(/home/user/Can-Optimizer-State-Repair-Recover-Plasticity-Without-Relearning-Fe
atures/paper/.texlocal/root/usr/share/texlive/texmf-dist/tex/generic/pgf/basicl
ayer/pgfcoreshade.code.tex)
(/home/user/Can-Optimizer-State-Repair-Recover-Plasticity-Without-Relearning-Fe
atures/paper/.texlocal/root/usr/share/texlive/texmf-dist/tex/generic/pgf/basicl
ayer/pgfcoreimage.code.tex)
(/home/user/Can-Optimizer-State-Repair-Recover-Plasticity-Without-Relearning-Fe
atures/paper/.texlocal/root/usr/share/texlive/texmf-dist/tex/generic/pgf/basicl
ayer/pgfcoreexternal.code.tex)
(/home/user/Can-Optimizer-State-Repair-Recover-Plasticity-Without-Relearning-Fe
atures/paper/.texlocal/root/usr/share/texlive/texmf-dist/tex/generic/pgf/basicl
ayer/pgfcorelayers.code.tex)
(/home/user/Can-Optimizer-State-Repair-Recover-Plasticity-Without-Relearning-Fe
atures/paper/.texlocal/root/usr/share/texlive/texmf-dist/tex/generic/pgf/basicl
ayer/pgfcoretransparency.code.tex)
(/home/user/Can-Optimizer-State-Repair-Recover-Plasticity-Without-Relearning-Fe
atures/paper/.texlocal/root/usr/share/texlive/texmf-dist/tex/generic/pgf/basicl
ayer/pgfcorepatterns.code.tex)
(/home/user/Can-Optimizer-State-Repair-Recover-Plasticity-Without-Relearning-Fe
atures/paper/.texlocal/root/usr/share/texlive/texmf-dist/tex/generic/pgf/basicl
ayer/pgfcorerdf.code.tex)))
(/home/user/Can-Optimizer-State-Repair-Recover-Plasticity-Without-Relearning-Fe
atures/paper/.texlocal/root/usr/share/texlive/texmf-dist/tex/generic/pgf/module
s/pgfmoduleshapes.code.tex)
(/home/user/Can-Optimizer-State-Repair-Recover-Plasticity-Without-Relearning-Fe
atures/paper/.texlocal/root/usr/share/texlive/texmf-dist/tex/generic/pgf/module
s/pgfmoduleplot.code.tex)
(/home/user/Can-Optimizer-State-Repair-Recover-Plasticity-Without-Relearning-Fe
atures/paper/.texlocal/root/usr/share/texlive/texmf-dist/tex/latex/pgf/compatib
ility/pgfcomp-version-0-65.sty)
(/home/user/Can-Optimizer-State-Repair-Recover-Plasticity-Without-Relearning-Fe
atures/paper/.texlocal/root/usr/share/texlive/texmf-dist/tex/latex/pgf/compatib
ility/pgfcomp-version-1-18.sty))
(/home/user/Can-Optimizer-State-Repair-Recover-Plasticity-Without-Relearning-Fe
atures/paper/.texlocal/root/usr/share/texlive/texmf-dist/tex/latex/pgf/utilitie
s/pgffor.sty
(/home/user/Can-Optimizer-State-Repair-Recover-Plasticity-Without-Relearning-Fe
atures/paper/.texlocal/root/usr/share/texlive/texmf-dist/tex/latex/pgf/utilitie
s/pgfkeys.sty
(/home/user/Can-Optimizer-State-Repair-Recover-Plasticity-Without-Relearning-Fe
atures/paper/.texlocal/root/usr/share/texlive/texmf-dist/tex/generic/pgf/utilit
ies/pgfkeys.code.tex))
(/home/user/Can-Optimizer-State-Repair-Recover-Plasticity-Without-Relearning-Fe
atures/paper/.texlocal/root/usr/share/texlive/texmf-dist/tex/latex/pgf/math/pgf
math.sty
(/home/user/Can-Optimizer-State-Repair-Recover-Plasticity-Without-Relearning-Fe
atures/paper/.texlocal/root/usr/share/texlive/texmf-dist/tex/generic/pgf/math/p
gfmath.code.tex))
(/home/user/Can-Optimizer-State-Repair-Recover-Plasticity-Without-Relearning-Fe
atures/paper/.texlocal/root/usr/share/texlive/texmf-dist/tex/generic/pgf/utilit
ies/pgffor.code.tex))
(/home/user/Can-Optimizer-State-Repair-Recover-Plasticity-Without-Relearning-Fe
atures/paper/.texlocal/root/usr/share/texlive/texmf-dist/tex/generic/pgf/fronte
ndlayer/tikz/tikz.code.tex
(/home/user/Can-Optimizer-State-Repair-Recover-Plasticity-Without-Relearning-Fe
atures/paper/.texlocal/root/usr/share/texlive/texmf-dist/tex/generic/pgf/librar
ies/pgflibraryplothandlers.code.tex)
(/home/user/Can-Optimizer-State-Repair-Recover-Plasticity-Without-Relearning-Fe
atures/paper/.texlocal/root/usr/share/texlive/texmf-dist/tex/generic/pgf/module
s/pgfmodulematrix.code.tex)
(/home/user/Can-Optimizer-State-Repair-Recover-Plasticity-Without-Relearning-Fe
atures/paper/.texlocal/root/usr/share/texlive/texmf-dist/tex/generic/pgf/fronte
ndlayer/tikz/libraries/tikzlibrarytopaths.code.tex)))
(/home/user/Can-Optimizer-State-Repair-Recover-Plasticity-Without-Relearning-Fe
atures/paper/.texlocal/root/usr/share/texlive/texmf-dist/tex/generic/pgfplots/p
gfplots.code.tex
(/home/user/Can-Optimizer-State-Repair-Recover-Plasticity-Without-Relearning-Fe
atures/paper/.texlocal/root/usr/share/texlive/texmf-dist/tex/generic/pgfplots/p
gfplotscore.code.tex
(/home/user/Can-Optimizer-State-Repair-Recover-Plasticity-Without-Relearning-Fe
atures/paper/.texlocal/root/usr/share/texlive/texmf-dist/tex/generic/pgfplots/s
ys/pgfplotssysgeneric.code.tex))
(/home/user/Can-Optimizer-State-Repair-Recover-Plasticity-Without-Relearning-Fe
atures/paper/.texlocal/root/usr/share/texlive/texmf-dist/tex/generic/pgfplots/l
ibs/pgfplotslibrary.code.tex)
(/home/user/Can-Optimizer-State-Repair-Recover-Plasticity-Without-Relearning-Fe
atures/paper/.texlocal/root/usr/share/texlive/texmf-dist/tex/generic/pgfplots/o
ldpgfcompatib/pgfplotsoldpgfsupp_loader.code.tex
(/home/user/Can-Optimizer-State-Repair-Recover-Plasticity-Without-Relearning-Fe
atures/paper/.texlocal/root/usr/share/texlive/texmf-dist/tex/generic/pgf/librar
ies/pgflibraryfpu.code.tex)
Package pgfplots: loading complementary utilities for your pgf version...

(/home/user/Can-Optimizer-State-Repair-Recover-Plasticity-Without-Relearning-Fe
atures/paper/.texlocal/root/usr/share/texlive/texmf-dist/tex/generic/pgfplots/o
ldpgfcompatib/pgfplotsoldpgfsupp_pgfutil-common-lists.tex))
(/home/user/Can-Optimizer-State-Repair-Recover-Plasticity-Without-Relearning-Fe
atures/paper/.texlocal/root/usr/share/texlive/texmf-dist/tex/generic/pgfplots/u
til/pgfplotsutil.code.tex
(/home/user/Can-Optimizer-State-Repair-Recover-Plasticity-Without-Relearning-Fe
atures/paper/.texlocal/root/usr/share/texlive/texmf-dist/tex/generic/pgfplots/l
iststructure/pgfplotsliststructure.code.tex)
(/home/user/Can-Optimizer-State-Repair-Recover-Plasticity-Without-Relearning-Fe
atures/paper/.texlocal/root/usr/share/texlive/texmf-dist/tex/generic/pgfplots/l
iststructure/pgfplotsliststructureext.code.tex)
(/home/user/Can-Optimizer-State-Repair-Recover-Plasticity-Without-Relearning-Fe
atures/paper/.texlocal/root/usr/share/texlive/texmf-dist/tex/generic/pgfplots/l
iststructure/pgfplotsarray.code.tex)
(/home/user/Can-Optimizer-State-Repair-Recover-Plasticity-Without-Relearning-Fe
atures/paper/.texlocal/root/usr/share/texlive/texmf-dist/tex/generic/pgfplots/l
iststructure/pgfplotsmatrix.code.tex)
(/home/user/Can-Optimizer-State-Repair-Recover-Plasticity-Without-Relearning-Fe
atures/paper/.texlocal/root/usr/share/texlive/texmf-dist/tex/generic/pgfplots/n
umtable/pgfplotstableshared.code.tex)
(/home/user/Can-Optimizer-State-Repair-Recover-Plasticity-Without-Relearning-Fe
atures/paper/.texlocal/root/usr/share/texlive/texmf-dist/tex/generic/pgfplots/l
iststructure/pgfplotsdeque.code.tex)
(/home/user/Can-Optimizer-State-Repair-Recover-Plasticity-Without-Relearning-Fe
atures/paper/.texlocal/root/usr/share/texlive/texmf-dist/tex/generic/pgfplots/u
til/pgfplotsbinary.code.tex
(/home/user/Can-Optimizer-State-Repair-Recover-Plasticity-Without-Relearning-Fe
atures/paper/.texlocal/root/usr/share/texlive/texmf-dist/tex/generic/pgfplots/u
til/pgfplotsbinary.data.code.tex))
(/home/user/Can-Optimizer-State-Repair-Recover-Plasticity-Without-Relearning-Fe
atures/paper/.texlocal/root/usr/share/texlive/texmf-dist/tex/generic/pgfplots/u
til/pgfplotsutil.verb.code.tex)
(/home/user/Can-Optimizer-State-Repair-Recover-Plasticity-Without-Relearning-Fe
atures/paper/.texlocal/root/usr/share/texlive/texmf-dist/tex/generic/pgfplots/l
ibs/pgflibrarypgfplots.surfshading.code.tex
(/home/user/Can-Optimizer-State-Repair-Recover-Plasticity-Without-Relearning-Fe
atures/paper/.texlocal/root/usr/share/texlive/texmf-dist/tex/generic/pgfplots/s
ys/pgflibrarypgfplots.surfshading.pgfsys-pdftex.def)))
(/home/user/Can-Optimizer-State-Repair-Recover-Plasticity-Without-Relearning-Fe
atures/paper/.texlocal/root/usr/share/texlive/texmf-dist/tex/generic/pgfplots/u
til/pgfplotscolormap.code.tex
(/home/user/Can-Optimizer-State-Repair-Recover-Plasticity-Without-Relearning-Fe
atures/paper/.texlocal/root/usr/share/texlive/texmf-dist/tex/generic/pgfplots/u
til/pgfplotscolor.code.tex))
(/home/user/Can-Optimizer-State-Repair-Recover-Plasticity-Without-Relearning-Fe
atures/paper/.texlocal/root/usr/share/texlive/texmf-dist/tex/generic/pgfplots/p
gfplotsstackedplots.code.tex)
(/home/user/Can-Optimizer-State-Repair-Recover-Plasticity-Without-Relearning-Fe
atures/paper/.texlocal/root/usr/share/texlive/texmf-dist/tex/generic/pgfplots/p
gfplotsplothandlers.code.tex
(/home/user/Can-Optimizer-State-Repair-Recover-Plasticity-Without-Relearning-Fe
atures/paper/.texlocal/root/usr/share/texlive/texmf-dist/tex/generic/pgfplots/p
gfplotsmeshplothandler.code.tex
(/home/user/Can-Optimizer-State-Repair-Recover-Plasticity-Without-Relearning-Fe
atures/paper/.texlocal/root/usr/share/texlive/texmf-dist/tex/generic/pgfplots/p
gfplotsmeshplotimage.code.tex)))
(/home/user/Can-Optimizer-State-Repair-Recover-Plasticity-Without-Relearning-Fe
atures/paper/.texlocal/root/usr/share/texlive/texmf-dist/tex/generic/pgfplots/p
gfplots.scaling.code.tex)
(/home/user/Can-Optimizer-State-Repair-Recover-Plasticity-Without-Relearning-Fe
atures/paper/.texlocal/root/usr/share/texlive/texmf-dist/tex/generic/pgfplots/p
gfplotscoordprocessing.code.tex)
(/home/user/Can-Optimizer-State-Repair-Recover-Plasticity-Without-Relearning-Fe
atures/paper/.texlocal/root/usr/share/texlive/texmf-dist/tex/generic/pgfplots/p
gfplots.errorbars.code.tex)
(/home/user/Can-Optimizer-State-Repair-Recover-Plasticity-Without-Relearning-Fe
atures/paper/.texlocal/root/usr/share/texlive/texmf-dist/tex/generic/pgfplots/p
gfplots.markers.code.tex)
(/home/user/Can-Optimizer-State-Repair-Recover-Plasticity-Without-Relearning-Fe
atures/paper/.texlocal/root/usr/share/texlive/texmf-dist/tex/generic/pgfplots/p
gfplotsticks.code.tex)
(/home/user/Can-Optimizer-State-Repair-Recover-Plasticity-Without-Relearning-Fe
atures/paper/.texlocal/root/usr/share/texlive/texmf-dist/tex/generic/pgfplots/p
gfplots.paths.code.tex)
(/home/user/Can-Optimizer-State-Repair-Recover-Plasticity-Without-Relearning-Fe
atures/paper/.texlocal/root/usr/share/texlive/texmf-dist/tex/generic/pgf/fronte
ndlayer/tikz/libraries/tikzlibrarydecorations.code.tex
(/home/user/Can-Optimizer-State-Repair-Recover-Plasticity-Without-Relearning-Fe
atures/paper/.texlocal/root/usr/share/texlive/texmf-dist/tex/generic/pgf/module
s/pgfmoduledecorations.code.tex))
(/home/user/Can-Optimizer-State-Repair-Recover-Plasticity-Without-Relearning-Fe
atures/paper/.texlocal/root/usr/share/texlive/texmf-dist/tex/generic/pgf/fronte
ndlayer/tikz/libraries/tikzlibrarydecorations.pathmorphing.code.tex
(/home/user/Can-Optimizer-State-Repair-Recover-Plasticity-Without-Relearning-Fe
atures/paper/.texlocal/root/usr/share/texlive/texmf-dist/tex/generic/pgf/librar
ies/decorations/pgflibrarydecorations.pathmorphing.code.tex))
(/home/user/Can-Optimizer-State-Repair-Recover-Plasticity-Without-Relearning-Fe
atures/paper/.texlocal/root/usr/share/texlive/texmf-dist/tex/generic/pgf/fronte
ndlayer/tikz/libraries/tikzlibrarydecorations.pathreplacing.code.tex
(/home/user/Can-Optimizer-State-Repair-Recover-Plasticity-Without-Relearning-Fe
atures/paper/.texlocal/root/usr/share/texlive/texmf-dist/tex/generic/pgf/librar
ies/decorations/pgflibrarydecorations.pathreplacing.code.tex))
(/home/user/Can-Optimizer-State-Repair-Recover-Plasticity-Without-Relearning-Fe
atures/paper/.texlocal/root/usr/share/texlive/texmf-dist/tex/generic/pgfplots/l
ibs/tikzlibrarypgfplots.contourlua.code.tex))
(/home/user/Can-Optimizer-State-Repair-Recover-Plasticity-Without-Relearning-Fe
atures/paper/.texlocal/root/usr/share/texlive/texmf-dist/tex/generic/pgf/fronte
ndlayer/tikz/libraries/tikzlibraryplotmarks.code.tex
(/home/user/Can-Optimizer-State-Repair-Recover-Plasticity-Without-Relearning-Fe
atures/paper/.texlocal/root/usr/share/texlive/texmf-dist/tex/generic/pgf/librar
ies/pgflibraryplotmarks.code.tex))) (./tables/numbers.tex)
(/home/user/Can-Optimizer-State-Repair-Recover-Plasticity-Without-Relearning-Fe
atures/paper/.texlocal/root/usr/share/texlive/texmf-dist/tex/latex/psnfss/ot1pt
m.fd)
(/home/user/Can-Optimizer-State-Repair-Recover-Plasticity-Without-Relearning-Fe
atures/paper/.texlocal/root/usr/share/texlive/texmf-dist/tex/latex/l3backend/l3
backend-pdftex.def)
No file main.aux.

(/home/user/Can-Optimizer-State-Repair-Recover-Plasticity-Without-Relearning-Fe
atures/paper/.texlocal/root/usr/share/texlive/texmf-dist/tex/context/base/mkii/
supp-pdf.mkii
[Loading MPS to PDF converter (version 2006.09.02).]
)
(/home/user/Can-Optimizer-State-Repair-Recover-Plasticity-Without-Relearning-Fe
atures/paper/.texlocal/root/usr/share/texlive/texmf-dist/tex/latex/epstopdf-pkg
/epstopdf-base.sty
(/home/user/Can-Optimizer-State-Repair-Recover-Plasticity-Without-Relearning-Fe
atures/paper/.texlocal/root/usr/share/texlive/texmf-dist/tex/latex/latexconfig/
epstopdf-sys.cfg))
Package pgfplots notification 'compat/show suggested version=true': you might b
enefit from \pgfplotsset{compat=1.18} (current compat level: 1.17).


Underfull \hbox (badness 10000) in paragraph at lines 26--26
\OT1/ptm/m/sc/17.28 from Update-Scale Ef-fect-s in Con-tin-u-al

(/home/user/Can-Optimizer-State-Repair-Recover-Plasticity-Without-Relearning-Fe
atures/paper/.texlocal/root/usr/share/texlive/texmf-dist/tex/latex/amsfonts/ums
a.fd)
(/home/user/Can-Optimizer-State-Repair-Recover-Plasticity-Without-Relearning-Fe
atures/paper/.texlocal/root/usr/share/texlive/texmf-dist/tex/latex/amsfonts/ums
b.fd)
(/home/user/Can-Optimizer-State-Repair-Recover-Plasticity-Without-Relearning-Fe
atures/paper/.texlocal/root/usr/share/texlive/texmf-dist/tex/latex/psnfss/ot1pc
r.fd) (./sections/abstract.tex) (./sections/introduction.tex

Package natbib Warning: Citation `dohare2024loss' on page 1 undefined on input 
line 5.


Package natbib Warning: Citation `lyle2023understanding' on page 1 undefined on
 input line 5.


Package natbib Warning: Citation `kingma2015adam' on page 1 undefined on input 
line 5.


Package natbib Warning: Citation `lyle2023understanding' on page 1 undefined on
 input line 7.


Package natbib Warning: Citation `dohare2024loss' on page 1 undefined on input 
line 7.


Package natbib Warning: Citation `ellis2024adam' on page 1 undefined on input l
ine 7.


Package natbib Warning: Citation `asadi2023resetting' on page 1 undefined on in
put line 9.


Package natbib Warning: Citation `ellis2024adam' on page 1 undefined on input l
ine 9.


Package natbib Warning: Citation `kang2024continual' on page 1 undefined on inp
ut line 10.


Package natbib Warning: Citation `ellis2024adam' on page 1 undefined on input l
ine 14.

[1{/home/user/Can-Optimizer-State-Repair-Recover-Plasticity-Without-Relearning-
Features/paper/.texlocal/var/fonts/map/pdftex/updmap/pdftex.map

pdfTeX warning: /home/user/Can-Optimizer-State-Repair-Recover-Plasticity-Withou
t-Relearning-Features/paper/.texlocal/root/usr/bin/pdflatex (file /home/user/Ca
n-Optimizer-State-Repair-Recover-Plasticity-Without-Relearning-Features/paper/.
texlocal/var/fonts/map/pdftex/updmap/pdftex.map): fontmap entry for `pagd8r' al
ready exists, duplicates ignored


pdfTeX warning: /home/user/Can-Optimizer-State-Repair-Recover-Plasticity-Withou
t-Relearning-Features/paper/.texlocal/root/usr/bin/pdflatex (file /home/user/Ca
n-Optimizer-State-Repair-Recover-Plasticity-Without-Relearning-Features/paper/.
texlocal/var/fonts/map/pdftex/updmap/pdftex.map): fontmap entry for `pagdo8r' a
lready exists, duplicates ignored


pdfTeX warning: /home/user/Can-Optimizer-State-Repair-Recover-Plasticity-Withou
t-Relearning-Features/paper/.texlocal/root/usr/bin/pdflatex (file /home/user/Ca
n-Optimizer-State-Repair-Recover-Plasticity-Without-Relearning-Features/paper/.
texlocal/var/fonts/map/pdftex/updmap/pdftex.map): fontmap entry for `pagk8r' al
ready exists, duplicates ignored


pdfTeX warning: /home/user/Can-Optimizer-State-Repair-Recover-Plasticity-Withou
t-Relearning-Features/paper/.texlocal/root/usr/bin/pdflatex (file /home/user/Ca
n-Optimizer-State-Repair-Recover-Plasticity-Without-Relearning-Features/paper/.
texlocal/var/fonts/map/pdftex/updmap/pdftex.map): fontmap entry for `pagko8r' a
lready exists, duplicates ignored


pdfTeX warning: /home/user/Can-Optimizer-State-Repair-Recover-Plasticity-Withou
t-Relearning-Features/paper/.texlocal/root/usr/bin/pdflatex (file /home/user/Ca
n-Optimizer-State-Repair-Recover-Plasticity-Without-Relearning-Features/paper/.
texlocal/var/fonts/map/pdftex/updmap/pdftex.map): fontmap entry for `pbkd8r' al
ready exists, duplicates ignored


pdfTeX warning: /home/user/Can-Optimizer-State-Repair-Recover-Plasticity-Withou
t-Relearning-Features/paper/.texlocal/root/usr/bin/pdflatex (file /home/user/Ca
n-Optimizer-State-Repair-Recover-Plasticity-Without-Relearning-Features/paper/.
texlocal/var/fonts/map/pdftex/updmap/pdftex.map): fontmap entry for `pbkdi8r' a
lready exists, duplicates ignored


pdfTeX warning: /home/user/Can-Optimizer-State-Repair-Recover-Plasticity-Withou
t-Relearning-Features/paper/.texlocal/root/usr/bin/pdflatex (file /home/user/Ca
n-Optimizer-State-Repair-Recover-Plasticity-Without-Relearning-Features/paper/.
texlocal/var/fonts/map/pdftex/updmap/pdftex.map): invalid entry for `pbkdo8r': 
SlantFont/ExtendFont can be used only with embedded Type1 fonts


pdfTeX warning: /home/user/Can-Optimizer-State-Repair-Recover-Plasticity-Withou
t-Relearning-Features/paper/.texlocal/root/usr/bin/pdflatex (file /home/user/Ca
n-Optimizer-State-Repair-Recover-Plasticity-Without-Relearning-Features/paper/.
texlocal/var/fonts/map/pdftex/updmap/pdftex.map): fontmap entry for `pbkl8r' al
ready exists, duplicates ignored


pdfTeX warning: /home/user/Can-Optimizer-State-Repair-Recover-Plasticity-Withou
t-Relearning-Features/paper/.texlocal/root/usr/bin/pdflatex (file /home/user/Ca
n-Optimizer-State-Repair-Recover-Plasticity-Without-Relearning-Features/paper/.
texlocal/var/fonts/map/pdftex/updmap/pdftex.map): fontmap entry for `pbkli8r' a
lready exists, duplicates ignored


pdfTeX warning: /home/user/Can-Optimizer-State-Repair-Recover-Plasticity-Withou
t-Relearning-Features/paper/.texlocal/root/usr/bin/pdflatex (file /home/user/Ca
n-Optimizer-State-Repair-Recover-Plasticity-Without-Relearning-Features/paper/.
texlocal/var/fonts/map/pdftex/updmap/pdftex.map): invalid entry for `pbklo8r': 
SlantFont/ExtendFont can be used only with embedded Type1 fonts


pdfTeX warning: /home/user/Can-Optimizer-State-Repair-Recover-Plasticity-Withou
t-Relearning-Features/paper/.texlocal/root/usr/bin/pdflatex (file /home/user/Ca
n-Optimizer-State-Repair-Recover-Plasticity-Without-Relearning-Features/paper/.
texlocal/var/fonts/map/pdftex/updmap/pdftex.map): fontmap entry for `pcrb8r' al
ready exists, duplicates ignored


pdfTeX warning: /home/user/Can-Optimizer-State-Repair-Recover-Plasticity-Withou
t-Relearning-Features/paper/.texlocal/root/usr/bin/pdflatex (file /home/user/Ca
n-Optimizer-State-Repair-Recover-Plasticity-Without-Relearning-Features/paper/.
texlocal/var/fonts/map/pdftex/updmap/pdftex.map): fontmap entry for `pcrbo8r' a
lready exists, duplicates ignored


pdfTeX warning: /home/user/Can-Optimizer-State-Repair-Recover-Plasticity-Withou
t-Relearning-Features/paper/.texlocal/root/usr/bin/pdflatex (file /home/user/Ca
n-Optimizer-State-Repair-Recover-Plasticity-Without-Relearning-Features/paper/.
texlocal/var/fonts/map/pdftex/updmap/pdftex.map): fontmap entry for `pcrr8r' al
ready exists, duplicates ignored


pdfTeX warning: /home/user/Can-Optimizer-State-Repair-Recover-Plasticity-Withou
t-Relearning-Features/paper/.texlocal/root/usr/bin/pdflatex (file /home/user/Ca
n-Optimizer-State-Repair-Recover-Plasticity-Without-Relearning-Features/paper/.
texlocal/var/fonts/map/pdftex/updmap/pdftex.map): fontmap entry for `pcrro8r' a
lready exists, duplicates ignored


pdfTeX warning: /home/user/Can-Optimizer-State-Repair-Recover-Plasticity-Withou
t-Relearning-Features/paper/.texlocal/root/usr/bin/pdflatex (file /home/user/Ca
n-Optimizer-State-Repair-Recover-Plasticity-Without-Relearning-Features/paper/.
texlocal/var/fonts/map/pdftex/updmap/pdftex.map): fontmap entry for `phvb8r' al
ready exists, duplicates ignored


pdfTeX warning: /home/user/Can-Optimizer-State-Repair-Recover-Plasticity-Withou
t-Relearning-Features/paper/.texlocal/root/usr/bin/pdflatex (file /home/user/Ca
n-Optimizer-State-Repair-Recover-Plasticity-Without-Relearning-Features/paper/.
texlocal/var/fonts/map/pdftex/updmap/pdftex.map): fontmap entry for `phvb8rn' a
lready exists, duplicates ignored


pdfTeX warning: /home/user/Can-Optimizer-State-Repair-Recover-Plasticity-Withou
t-Relearning-Features/paper/.texlocal/root/usr/bin/pdflatex (file /home/user/Ca
n-Optimizer-State-Repair-Recover-Plasticity-Without-Relearning-Features/paper/.
texlocal/var/fonts/map/pdftex/updmap/pdftex.map): fontmap entry for `phvbo8r' a
lready exists, duplicates ignored


pdfTeX warning: /home/user/Can-Optimizer-State-Repair-Recover-Plasticity-Withou
t-Relearning-Features/paper/.texlocal/root/usr/bin/pdflatex (file /home/user/Ca
n-Optimizer-State-Repair-Recover-Plasticity-Without-Relearning-Features/paper/.
texlocal/var/fonts/map/pdftex/updmap/pdftex.map): fontmap entry for `phvbo8rn' 
already exists, duplicates ignored


pdfTeX warning: /home/user/Can-Optimizer-State-Repair-Recover-Plasticity-Withou
t-Relearning-Features/paper/.texlocal/root/usr/bin/pdflatex (file /home/user/Ca
n-Optimizer-State-Repair-Recover-Plasticity-Without-Relearning-Features/paper/.
texlocal/var/fonts/map/pdftex/updmap/pdftex.map): fontmap entry for `phvr8r' al
ready exists, duplicates ignored


pdfTeX warning: /home/user/Can-Optimizer-State-Repair-Recover-Plasticity-Withou
t-Relearning-Features/paper/.texlocal/root/usr/bin/pdflatex (file /home/user/Ca
n-Optimizer-State-Repair-Recover-Plasticity-Without-Relearning-Features/paper/.
texlocal/var/fonts/map/pdftex/updmap/pdftex.map): fontmap entry for `phvr8rn' a
lready exists, duplicates ignored


pdfTeX warning: /home/user/Can-Optimizer-State-Repair-Recover-Plasticity-Withou
t-Relearning-Features/paper/.texlocal/root/usr/bin/pdflatex (file /home/user/Ca
n-Optimizer-State-Repair-Recover-Plasticity-Without-Relearning-Features/paper/.
texlocal/var/fonts/map/pdftex/updmap/pdftex.map): fontmap entry for `phvro8r' a
lready exists, duplicates ignored


pdfTeX warning: /home/user/Can-Optimizer-State-Repair-Recover-Plasticity-Withou
t-Relearning-Features/paper/.texlocal/root/usr/bin/pdflatex (file /home/user/Ca
n-Optimizer-State-Repair-Recover-Plasticity-Without-Relearning-Features/paper/.
texlocal/var/fonts/map/pdftex/updmap/pdftex.map): fontmap entry for `phvro8rn' 
already exists, duplicates ignored


pdfTeX warning: /home/user/Can-Optimizer-State-Repair-Recover-Plasticity-Withou
t-Relearning-Features/paper/.texlocal/root/usr/bin/pdflatex (file /home/user/Ca
n-Optimizer-State-Repair-Recover-Plasticity-Without-Relearning-Features/paper/.
texlocal/var/fonts/map/pdftex/updmap/pdftex.map): fontmap entry for `pncb8r' al
ready exists, duplicates ignored


pdfTeX warning: /home/user/Can-Optimizer-State-Repair-Recover-Plasticity-Withou
t-Relearning-Features/paper/.texlocal/root/usr/bin/pdflatex (file /home/user/Ca
n-Optimizer-State-Repair-Recover-Plasticity-Without-Relearning-Features/paper/.
texlocal/var/fonts/map/pdftex/updmap/pdftex.map): fontmap entry for `pncbi8r' a
lready exists, duplicates ignored


pdfTeX warning: /home/user/Can-Optimizer-State-Repair-Recover-Plasticity-Withou
t-Relearning-Features/paper/.texlocal/root/usr/bin/pdflatex (file /home/user/Ca
n-Optimizer-State-Repair-Recover-Plasticity-Without-Relearning-Features/paper/.
texlocal/var/fonts/map/pdftex/updmap/pdftex.map): invalid entry for `pncbo8r': 
SlantFont/ExtendFont can be used only with embedded Type1 fonts


pdfTeX warning: /home/user/Can-Optimizer-State-Repair-Recover-Plasticity-Withou
t-Relearning-Features/paper/.texlocal/root/usr/bin/pdflatex (file /home/user/Ca
n-Optimizer-State-Repair-Recover-Plasticity-Without-Relearning-Features/paper/.
texlocal/var/fonts/map/pdftex/updmap/pdftex.map): fontmap entry for `pncr8r' al
ready exists, duplicates ignored


pdfTeX warning: /home/user/Can-Optimizer-State-Repair-Recover-Plasticity-Withou
t-Relearning-Features/paper/.texlocal/root/usr/bin/pdflatex (file /home/user/Ca
n-Optimizer-State-Repair-Recover-Plasticity-Without-Relearning-Features/paper/.
texlocal/var/fonts/map/pdftex/updmap/pdftex.map): fontmap entry for `pncri8r' a
lready exists, duplicates ignored


pdfTeX warning: /home/user/Can-Optimizer-State-Repair-Recover-Plasticity-Withou
t-Relearning-Features/paper/.texlocal/root/usr/bin/pdflatex (file /home/user/Ca
n-Optimizer-State-Repair-Recover-Plasticity-Without-Relearning-Features/paper/.
texlocal/var/fonts/map/pdftex/updmap/pdftex.map): invalid entry for `pncro8r': 
SlantFont/ExtendFont can be used only with embedded Type1 fonts


pdfTeX warning: /home/user/Can-Optimizer-State-Repair-Recover-Plasticity-Withou
t-Relearning-Features/paper/.texlocal/root/usr/bin/pdflatex (file /home/user/Ca
n-Optimizer-State-Repair-Recover-Plasticity-Without-Relearning-Features/paper/.
texlocal/var/fonts/map/pdftex/updmap/pdftex.map): fontmap entry for `pplb8r' al
ready exists, duplicates ignored


pdfTeX warning: /home/user/Can-Optimizer-State-Repair-Recover-Plasticity-Withou
t-Relearning-Features/paper/.texlocal/root/usr/bin/pdflatex (file /home/user/Ca
n-Optimizer-State-Repair-Recover-Plasticity-Without-Relearning-Features/paper/.
texlocal/var/fonts/map/pdftex/updmap/pdftex.map): fontmap entry for `pplbi8r' a
lready exists, duplicates ignored


pdfTeX warning: /home/user/Can-Optimizer-State-Repair-Recover-Plasticity-Withou
t-Relearning-Features/paper/.texlocal/root/usr/bin/pdflatex (file /home/user/Ca
n-Optimizer-State-Repair-Recover-Plasticity-Without-Relearning-Features/paper/.
texlocal/var/fonts/map/pdftex/updmap/pdftex.map): invalid entry for `pplbo8r': 
SlantFont/ExtendFont can be used only with embedded Type1 fonts


pdfTeX warning: /home/user/Can-Optimizer-State-Repair-Recover-Plasticity-Withou
t-Relearning-Features/paper/.texlocal/root/usr/bin/pdflatex (file /home/user/Ca
n-Optimizer-State-Repair-Recover-Plasticity-Without-Relearning-Features/paper/.
texlocal/var/fonts/map/pdftex/updmap/pdftex.map): fontmap entry for `pplr8r' al
ready exists, duplicates ignored


pdfTeX warning: /home/user/Can-Optimizer-State-Repair-Recover-Plasticity-Withou
t-Relearning-Features/paper/.texlocal/root/usr/bin/pdflatex (file /home/user/Ca
n-Optimizer-State-Repair-Recover-Plasticity-Without-Relearning-Features/paper/.
texlocal/var/fonts/map/pdftex/updmap/pdftex.map): fontmap entry for `pplri8r' a
lready exists, duplicates ignored


pdfTeX warning: /home/user/Can-Optimizer-State-Repair-Recover-Plasticity-Withou
t-Relearning-Features/paper/.texlocal/root/usr/bin/pdflatex (file /home/user/Ca
n-Optimizer-State-Repair-Recover-Plasticity-Without-Relearning-Features/paper/.
texlocal/var/fonts/map/pdftex/updmap/pdftex.map): invalid entry for `pplro8r': 
SlantFont/ExtendFont can be used only with embedded Type1 fonts


pdfTeX warning: /home/user/Can-Optimizer-State-Repair-Recover-Plasticity-Withou
t-Relearning-Features/paper/.texlocal/root/usr/bin/pdflatex (file /home/user/Ca
n-Optimizer-State-Repair-Recover-Plasticity-Without-Relearning-Features/paper/.
texlocal/var/fonts/map/pdftex/updmap/pdftex.map): fontmap entry for `psyr' alre
ady exists, duplicates ignored


pdfTeX warning: /home/user/Can-Optimizer-State-Repair-Recover-Plasticity-Withou
t-Relearning-Features/paper/.texlocal/root/usr/bin/pdflatex (file /home/user/Ca
n-Optimizer-State-Repair-Recover-Plasticity-Without-Relearning-Features/paper/.
texlocal/var/fonts/map/pdftex/updmap/pdftex.map): invalid entry for `psyro': Sl
antFont/ExtendFont can be used only with embedded Type1 fonts


pdfTeX warning: /home/user/Can-Optimizer-State-Repair-Recover-Plasticity-Withou
t-Relearning-Features/paper/.texlocal/root/usr/bin/pdflatex (file /home/user/Ca
n-Optimizer-State-Repair-Recover-Plasticity-Without-Relearning-Features/paper/.
texlocal/var/fonts/map/pdftex/updmap/pdftex.map): fontmap entry for `ptmb8r' al
ready exists, duplicates ignored


pdfTeX warning: /home/user/Can-Optimizer-State-Repair-Recover-Plasticity-Withou
t-Relearning-Features/paper/.texlocal/root/usr/bin/pdflatex (file /home/user/Ca
n-Optimizer-State-Repair-Recover-Plasticity-Without-Relearning-Features/paper/.
texlocal/var/fonts/map/pdftex/updmap/pdftex.map): fontmap entry for `ptmbi8r' a
lready exists, duplicates ignored


pdfTeX warning: /home/user/Can-Optimizer-State-Repair-Recover-Plasticity-Withou
t-Relearning-Features/paper/.texlocal/root/usr/bin/pdflatex (file /home/user/Ca
n-Optimizer-State-Repair-Recover-Plasticity-Without-Relearning-Features/paper/.
texlocal/var/fonts/map/pdftex/updmap/pdftex.map): invalid entry for `ptmbo8r': 
SlantFont/ExtendFont can be used only with embedded Type1 fonts


pdfTeX warning: /home/user/Can-Optimizer-State-Repair-Recover-Plasticity-Withou
t-Relearning-Features/paper/.texlocal/root/usr/bin/pdflatex (file /home/user/Ca
n-Optimizer-State-Repair-Recover-Plasticity-Without-Relearning-Features/paper/.
texlocal/var/fonts/map/pdftex/updmap/pdftex.map): fontmap entry for `ptmr8r' al
ready exists, duplicates ignored


pdfTeX warning: /home/user/Can-Optimizer-State-Repair-Recover-Plasticity-Withou
t-Relearning-Features/paper/.texlocal/root/usr/bin/pdflatex (file /home/user/Ca
n-Optimizer-State-Repair-Recover-Plasticity-Without-Relearning-Features/paper/.
texlocal/var/fonts/map/pdftex/updmap/pdftex.map): fontmap entry for `ptmri8r' a
lready exists, duplicates ignored


pdfTeX warning: /home/user/Can-Optimizer-State-Repair-Recover-Plasticity-Withou
t-Relearning-Features/paper/.texlocal/root/usr/bin/pdflatex (file /home/user/Ca
n-Optimizer-State-Repair-Recover-Plasticity-Without-Relearning-Features/paper/.
texlocal/var/fonts/map/pdftex/updmap/pdftex.map): invalid entry for `ptmro8r': 
SlantFont/ExtendFont can be used only with embedded Type1 fonts


pdfTeX warning: /home/user/Can-Optimizer-State-Repair-Recover-Plasticity-Withou
t-Relearning-Features/paper/.texlocal/root/usr/bin/pdflatex (file /home/user/Ca
n-Optimizer-State-Repair-Recover-Plasticity-Without-Relearning-Features/paper/.
texlocal/var/fonts/map/pdftex/updmap/pdftex.map): fontmap entry for `pzcmi8r' a
lready exists, duplicates ignored


pdfTeX warning: /home/user/Can-Optimizer-State-Repair-Recover-Plasticity-Withou
t-Relearning-Features/paper/.texlocal/root/usr/bin/pdflatex (file /home/user/Ca
n-Optimizer-State-Repair-Recover-Plasticity-Without-Relearning-Features/paper/.
texlocal/var/fonts/map/pdftex/updmap/pdftex.map): fontmap entry for `pzdr' alre
ady exists, duplicates ignored
}{/home/user/Can-Optimizer-State-Repair-Recover-Plasticity-Without-Relearning-F
eatures/paper/.texlocal/root/usr/share/texlive/texmf-dist/fonts/enc/dvips/base/
8r.enc}]
(/home/user/Can-Optimizer-State-Repair-Recover-Plasticity-Without-Relearning-Fe
atures/paper/.texlocal/root/usr/share/texlive/texmf-dist/tex/latex/psnfss/ts1pt
m.fd)

LaTeX Warning: Reference `sec:phenomenon' on page 2 undefined on input line 29.



LaTeX Warning: Reference `sec:interventions' on page 2 undefined on input line 
33.


LaTeX Warning: Reference `sec:analysis' on page 2 undefined on input line 36.

) (./sections/related.tex

Package natbib Warning: Citation `dohare2024loss' on page 2 undefined on input 
line 5.


Package natbib Warning: Citation `lyle2023understanding' on page 2 undefined on
 input line 7.


Package natbib Warning: Citation `lyle2024disentangling' on page 2 undefined on
 input line 9.


Package natbib Warning: Citation `wang2026predicting' on page 2 undefined on in
put line 10.


Package natbib Warning: Citation `kumar2024maintaining' on page 2 undefined on 
input line 12.


Package natbib Warning: Citation `galashov2024nonstationary' on page 2 undefine
d on input line 13.


Package natbib Warning: Citation `lee2024slow' on page 2 undefined on input lin
e 13.


Package natbib Warning: Citation `klein2024plasticity' on page 2 undefined on i
nput line 14.


Package natbib Warning: Citation `lyle2023understanding' on page 2 undefined on
 input line 17.


Package natbib Warning: Citation `dohare2024loss' on page 2 undefined on input 
line 20.


Package natbib Warning: Citation `lyle2024disentangling' on page 2 undefined on
 input line 20.


Package natbib Warning: Citation `asadi2023resetting' on page 2 undefined on in
put line 22.


Package natbib Warning: Citation `ellis2024adam' on page 2 undefined on input l
ine 23.


Package natbib Warning: Citation `kang2024continual' on page 2 undefined on inp
ut line 26.


Package natbib Warning: Citation `hernandezgarcia2026scale' on page 2 undefined
 on input line 27.


Package natbib Warning: Citation `sahu2026adapt' on page 2 undefined on input l
ine 28.

) (./sections/setting.tex [2]

LaTeX Warning: Reference `app:tuning' on page 3 undefined on input line 22.


Package natbib Warning: Citation `ellis2024adam' on page 3 undefined on input l
ine 45.


LaTeX Warning: Reference `sec:analysis' on page 3 undefined on input line 48.

) (./sections/analysis.tex

Package natbib Warning: Citation `kingma2015adam' on page 3 undefined on input 
line 5.

[3]

Package natbib Warning: Citation `kingma2015adam' on page 4 undefined on input 
line 17.


LaTeX Warning: Reference `app:checks' on page 4 undefined on input line 20.


LaTeX Warning: Reference `eq:update' on page 4 undefined on input line 27.


LaTeX Warning: Reference `eq:ratio' on page 4 undefined on input line 42.


LaTeX Warning: Reference `app:counterexample' on page 4 undefined on input line
 45.


Package natbib Warning: Citation `kingma2015adam' on page 4 undefined on input 
line 75.


LaTeX Warning: Reference `sec:interventions' on page 4 undefined on input line 
80.

) (./sections/results.tex [4] (./tables/tab_phenomenon.tex)

LaTeX Warning: Reference `tab:phenomenon' on page 5 undefined on input line 43.



LaTeX Warning: Reference `fig:curves' on page 5 undefined on input line 43.


LaTeX Warning: Reference `app:descriptive' on page 5 undefined on input line 63
.


LaTeX Warning: Reference `app:descriptive' on page 5 undefined on input line 63
.

(./tables/tab_interventions.tex)

LaTeX Warning: Reference `tab:interventions' on page 5 undefined on input line 
69.


LaTeX Warning: Reference `sec:phenomenon' on page 5 undefined on input line 70.



LaTeX Warning: Reference `app:checks' on page 5 undefined on input line 73.


LaTeX Warning: Reference `sec:analysis' on page 5 undefined on input line 91.


LaTeX Warning: Reference `app:trace' on page 5 undefined on input line 93.

[5]

LaTeX Warning: Reference `eq:resetv' on page 6 undefined on input line 99.


LaTeX Warning: Reference `app:trace' on page 6 undefined on input line 101.


LaTeX Warning: Reference `eq:ratio' on page 6 undefined on input line 101.


LaTeX Warning: Reference `sec:analysis' on page 6 undefined on input line 108.


LaTeX Warning: Reference `app:descriptive' on page 6 undefined on input line 11
5.

) (./sections/discussion.tex [6]

LaTeX Warning: Reference `app:planned' on page 7 undefined on input line 32.


LaTeX Warning: Reference `sec:analysis' on page 7 undefined on input line 33.

) (./sections/conclusion.tex) (./sections/statements.tex

LaTeX Warning: Reference `sec:analysis' on page 7 undefined on input line 8.

)
No file main.bbl.
(./appendix.tex [7]

LaTeX Warning: Reference `eq:ratio' on page 8 undefined on input line 25.


LaTeX Warning: Reference `eq:ratio' on page 8 undefined on input line 44.


LaTeX Warning: Reference `tab:interventions' on page 8 undefined on input line 
53.

[8] (./tables/tab_tuning.tex) (./tables/tab_descriptive.tex)

LaTeX Warning: Reference `sec:analysis' on page 9 undefined on input line 80.


LaTeX Warning: Reference `eq:ratio' on page 9 undefined on input line 95.


LaTeX Warning: Reference `app:trace' on page 9 undefined on input line 97.

)

Package natbib Warning: There were undefined citations.

[9] (./main.aux)

LaTeX Warning: There were undefined references.


LaTeX Warning: Label(s) may have changed. Rerun to get cross-references right.


Package rerunfilecheck Warning: File `main.out' has changed.
(rerunfilecheck)                Rerun to get outlines right
(rerunfilecheck)                or use package `bookmark'.

 )
(see the transcript file for additional information)</home/user/Can-Optimizer-S
tate-Repair-Recover-Plasticity-Without-Relearning-Features/paper/.texlocal/root
/usr/share/texlive/texmf-dist/fonts/type1/public/amsfonts/cm/cmex10.pfb></home/
user/Can-Optimizer-State-Repair-Recover-Plasticity-Without-Relearning-Features/
paper/.texlocal/root/usr/share/texlive/texmf-dist/fonts/type1/public/amsfonts/c
m/cmmi10.pfb></home/user/Can-Optimizer-State-Repair-Recover-Plasticity-Without-
Relearning-Features/paper/.texlocal/root/usr/share/texlive/texmf-dist/fonts/typ
e1/public/amsfonts/cm/cmmi12.pfb></home/user/Can-Optimizer-State-Repair-Recover
-Plasticity-Without-Relearning-Features/paper/.texlocal/root/usr/share/texlive/
texmf-dist/fonts/type1/public/amsfonts/cm/cmmi5.pfb></home/user/Can-Optimizer-S
tate-Repair-Recover-Plasticity-Without-Relearning-Features/paper/.texlocal/root
/usr/share/texlive/texmf-dist/fonts/type1/public/amsfonts/cm/cmmi7.pfb></home/u
ser/Can-Optimizer-State-Repair-Recover-Plasticity-Without-Relearning-Features/p
aper/.texlocal/root/usr/share/texlive/texmf-dist/fonts/type1/public/amsfonts/cm
/cmmi9.pfb></home/user/Can-Optimizer-State-Repair-Recover-Plasticity-Without-Re
learning-Features/paper/.texlocal/root/usr/share/texlive/texmf-dist/fonts/type1
/public/amsfonts/cm/cmr10.pfb></home/user/Can-Optimizer-State-Repair-Recover-Pl
asticity-Without-Relearning-Features/paper/.texlocal/root/usr/share/texlive/tex
mf-dist/fonts/type1/public/amsfonts/cm/cmr12.pfb></home/user/Can-Optimizer-Stat
e-Repair-Recover-Plasticity-Without-Relearning-Features/paper/.texlocal/root/us
r/share/texlive/texmf-dist/fonts/type1/public/amsfonts/cm/cmr5.pfb></home/user/
Can-Optimizer-State-Repair-Recover-Plasticity-Without-Relearning-Features/paper
/.texlocal/root/usr/share/texlive/texmf-dist/fonts/type1/public/amsfonts/cm/cmr
7.pfb></home/user/Can-Optimizer-State-Repair-Recover-Plasticity-Without-Relearn
ing-Features/paper/.texlocal/root/usr/share/texlive/texmf-dist/fonts/type1/publ
ic/amsfonts/cm/cmr9.pfb></home/user/Can-Optimizer-State-Repair-Recover-Plastici
ty-Without-Relearning-Features/paper/.texlocal/root/usr/share/texlive/texmf-dis
t/fonts/type1/public/amsfonts/cm/cmsy10.pfb></home/user/Can-Optimizer-State-Rep
air-Recover-Plasticity-Without-Relearning-Features/paper/.texlocal/root/usr/sha
re/texlive/texmf-dist/fonts/type1/public/amsfonts/cm/cmsy5.pfb></home/user/Can-
Optimizer-State-Repair-Recover-Plasticity-Without-Relearning-Features/paper/.te
xlocal/root/usr/share/texlive/texmf-dist/fonts/type1/public/amsfonts/cm/cmsy7.p
fb></home/user/Can-Optimizer-State-Repair-Recover-Plasticity-Without-Relearning
-Features/paper/.texlocal/root/usr/share/texlive/texmf-dist/fonts/type1/public/
amsfonts/cm/cmsy9.pfb></home/user/Can-Optimizer-State-Repair-Recover-Plasticity
-Without-Relearning-Features/paper/.texlocal/root/usr/share/texlive/texmf-dist/
fonts/type1/public/amsfonts/symbols/msam10.pfb></home/user/Can-Optimizer-State-
Repair-Recover-Plasticity-Without-Relearning-Features/paper/.texlocal/root/usr/
share/texlive/texmf-dist/fonts/type1/urw/courier/ucrr8a.pfb></home/user/Can-Opt
imizer-State-Repair-Recover-Plasticity-Without-Relearning-Features/paper/.texlo
cal/root/usr/share/texlive/texmf-dist/fonts/type1/urw/courier/ucrro8a.pfb></hom
e/user/Can-Optimizer-State-Repair-Recover-Plasticity-Without-Relearning-Feature
s/paper/.texlocal/root/usr/share/texlive/texmf-dist/fonts/type1/urw/helvetic/uh
vb8a.pfb></home/user/Can-Optimizer-State-Repair-Recover-Plasticity-Without-Rele
arning-Features/paper/.texlocal/root/usr/share/texlive/texmf-dist/fonts/type1/u
rw/times/utmb8a.pfb></home/user/Can-Optimizer-State-Repair-Recover-Plasticity-W
ithout-Relearning-Features/paper/.texlocal/root/usr/share/texlive/texmf-dist/fo
nts/type1/urw/times/utmr8a.pfb></home/user/Can-Optimizer-State-Repair-Recover-P
lasticity-Without-Relearning-Features/paper/.texlocal/root/usr/share/texlive/te
xmf-dist/fonts/type1/urw/times/utmri8a.pfb>
Output written on main.pdf (9 pages, 275134 bytes).
Transcript written on main.log.
+ /home/user/Can-Optimizer-State-Repair-Recover-Plasticity-Without-Relearning-Features/paper/.texlocal/root/usr/bin/bibtex.original main
This is BibTeX, Version 0.99d (TeX Live 2023/Debian)
The top-level auxiliary file: main.aux
The style file: iclr2027_conference.bst
Database file #1: references.bib
+ /home/user/Can-Optimizer-State-Repair-Recover-Plasticity-Without-Relearning-Features/paper/.texlocal/root/usr/bin/pdflatex -interaction=nonstopmode -halt-on-error main.tex
This is pdfTeX, Version 3.141592653-2.6-1.40.25 (TeX Live 2023/Debian) (preloaded format=pdflatex)
 restricted \write18 enabled.
entering extended mode
(./main.tex
LaTeX2e <2023-11-01> patch level 1
L3 programming layer <2024-01-22>

(/home/user/Can-Optimizer-State-Repair-Recover-Plasticity-Without-Relearning-Fe
atures/paper/.texlocal/root/usr/share/texlive/texmf-dist/tex/latex/base/article
.cls
Document Class: article 2023/05/17 v1.4n Standard LaTeX document class

(/home/user/Can-Optimizer-State-Repair-Recover-Plasticity-Without-Relearning-Fe
atures/paper/.texlocal/root/usr/share/texlive/texmf-dist/tex/latex/base/size10.
clo))
(/home/user/Can-Optimizer-State-Repair-Recover-Plasticity-Without-Relearning-Fe
atures/paper/iclr_style_official/iclr2027/iclr2027_conference.sty
(/home/user/Can-Optimizer-State-Repair-Recover-Plasticity-Without-Relearning-Fe
atures/paper/.texlocal/root/usr/share/texlive/texmf-dist/tex/latex/eso-pic/eso-
pic.sty
(/home/user/Can-Optimizer-State-Repair-Recover-Plasticity-Without-Relearning-Fe
atures/paper/.texlocal/root/usr/share/texlive/texmf-dist/tex/latex/graphics/key
val.sty)
(/home/user/Can-Optimizer-State-Repair-Recover-Plasticity-Without-Relearning-Fe
atures/paper/.texlocal/root/usr/share/texlive/texmf-dist/tex/latex/xcolor/xcolo
r.sty
(/home/user/Can-Optimizer-State-Repair-Recover-Plasticity-Without-Relearning-Fe
atures/paper/.texlocal/root/usr/share/texlive/texmf-dist/tex/latex/graphics-cfg
/color.cfg)
(/home/user/Can-Optimizer-State-Repair-Recover-Plasticity-Without-Relearning-Fe
atures/paper/.texlocal/root/usr/share/texlive/texmf-dist/tex/latex/graphics-def
/pdftex.def)
(/home/user/Can-Optimizer-State-Repair-Recover-Plasticity-Without-Relearning-Fe
atures/paper/.texlocal/root/usr/share/texlive/texmf-dist/tex/latex/graphics/mat
hcolor.ltx)))
(/home/user/Can-Optimizer-State-Repair-Recover-Plasticity-Without-Relearning-Fe
atures/paper/iclr_style_official/iclr2027/fancyhdr.sty)
(/home/user/Can-Optimizer-State-Repair-Recover-Plasticity-Without-Relearning-Fe
atures/paper/iclr_style_official/iclr2027/natbib.sty))
(/home/user/Can-Optimizer-State-Repair-Recover-Plasticity-Without-Relearning-Fe
atures/paper/.texlocal/root/usr/share/texlive/texmf-dist/tex/latex/psnfss/times
.sty)
(/home/user/Can-Optimizer-State-Repair-Recover-Plasticity-Without-Relearning-Fe
atures/paper/iclr_style_official/iclr2027/math_commands.tex
(/home/user/Can-Optimizer-State-Repair-Recover-Plasticity-Without-Relearning-Fe
atures/paper/.texlocal/root/usr/share/texlive/texmf-dist/tex/latex/amsmath/amsm
ath.sty
For additional information on amsmath, use the `?' option.

(/home/user/Can-Optimizer-State-Repair-Recover-Plasticity-Without-Relearning-Fe
atures/paper/.texlocal/root/usr/share/texlive/texmf-dist/tex/latex/amsmath/amst
ext.sty
(/home/user/Can-Optimizer-State-Repair-Recover-Plasticity-Without-Relearning-Fe
atures/paper/.texlocal/root/usr/share/texlive/texmf-dist/tex/latex/amsmath/amsg
en.sty))
(/home/user/Can-Optimizer-State-Repair-Recover-Plasticity-Without-Relearning-Fe
atures/paper/.texlocal/root/usr/share/texlive/texmf-dist/tex/latex/amsmath/amsb
sy.sty)
(/home/user/Can-Optimizer-State-Repair-Recover-Plasticity-Without-Relearning-Fe
atures/paper/.texlocal/root/usr/share/texlive/texmf-dist/tex/latex/amsmath/amso
pn.sty))
(/home/user/Can-Optimizer-State-Repair-Recover-Plasticity-Without-Relearning-Fe
atures/paper/.texlocal/root/usr/share/texlive/texmf-dist/tex/latex/amsfonts/ams
fonts.sty)
(/home/user/Can-Optimizer-State-Repair-Recover-Plasticity-Without-Relearning-Fe
atures/paper/.texlocal/root/usr/share/texlive/texmf-dist/tex/latex/tools/bm.sty
))
(/home/user/Can-Optimizer-State-Repair-Recover-Plasticity-Without-Relearning-Fe
atures/paper/.texlocal/root/usr/share/texlive/texmf-dist/tex/latex/hyperref/hyp
erref.sty
(/home/user/Can-Optimizer-State-Repair-Recover-Plasticity-Without-Relearning-Fe
atures/paper/.texlocal/root/usr/share/texlive/texmf-dist/tex/generic/iftex/ifte
x.sty)
(/home/user/Can-Optimizer-State-Repair-Recover-Plasticity-Without-Relearning-Fe
atures/paper/.texlocal/root/usr/share/texlive/texmf-dist/tex/latex/kvsetkeys/kv
setkeys.sty)
(/home/user/Can-Optimizer-State-Repair-Recover-Plasticity-Without-Relearning-Fe
atures/paper/.texlocal/root/usr/share/texlive/texmf-dist/tex/generic/kvdefineke
ys/kvdefinekeys.sty)
(/home/user/Can-Optimizer-State-Repair-Recover-Plasticity-Without-Relearning-Fe
atures/paper/.texlocal/root/usr/share/texlive/texmf-dist/tex/generic/pdfescape/
pdfescape.sty
(/home/user/Can-Optimizer-State-Repair-Recover-Plasticity-Without-Relearning-Fe
atures/paper/.texlocal/root/usr/share/texlive/texmf-dist/tex/generic/ltxcmds/lt
xcmds.sty)
(/home/user/Can-Optimizer-State-Repair-Recover-Plasticity-Without-Relearning-Fe
atures/paper/.texlocal/root/usr/share/texlive/texmf-dist/tex/generic/pdftexcmds
/pdftexcmds.sty
(/home/user/Can-Optimizer-State-Repair-Recover-Plasticity-Without-Relearning-Fe
atures/paper/.texlocal/root/usr/share/texlive/texmf-dist/tex/generic/infwarerr/
infwarerr.sty)))
(/home/user/Can-Optimizer-State-Repair-Recover-Plasticity-Without-Relearning-Fe
atures/paper/.texlocal/root/usr/share/texlive/texmf-dist/tex/latex/hycolor/hyco
lor.sty)
(/home/user/Can-Optimizer-State-Repair-Recover-Plasticity-Without-Relearning-Fe
atures/paper/.texlocal/root/usr/share/texlive/texmf-dist/tex/latex/auxhook/auxh
ook.sty)
(/home/user/Can-Optimizer-State-Repair-Recover-Plasticity-Without-Relearning-Fe
atures/paper/.texlocal/root/usr/share/texlive/texmf-dist/tex/latex/hyperref/nam
eref.sty
(/home/user/Can-Optimizer-State-Repair-Recover-Plasticity-Without-Relearning-Fe
atures/paper/.texlocal/root/usr/share/texlive/texmf-dist/tex/latex/refcount/ref
count.sty)
(/home/user/Can-Optimizer-State-Repair-Recover-Plasticity-Without-Relearning-Fe
atures/paper/.texlocal/root/usr/share/texlive/texmf-dist/tex/generic/gettitlest
ring/gettitlestring.sty
(/home/user/Can-Optimizer-State-Repair-Recover-Plasticity-Without-Relearning-Fe
atures/paper/.texlocal/root/usr/share/texlive/texmf-dist/tex/latex/kvoptions/kv
options.sty)))
(/home/user/Can-Optimizer-State-Repair-Recover-Plasticity-Without-Relearning-Fe
atures/paper/.texlocal/root/usr/share/texlive/texmf-dist/tex/latex/etoolbox/eto
olbox.sty)
(/home/user/Can-Optimizer-State-Repair-Recover-Plasticity-Without-Relearning-Fe
atures/paper/.texlocal/root/usr/share/texlive/texmf-dist/tex/latex/hyperref/pd1
enc.def)
(/home/user/Can-Optimizer-State-Repair-Recover-Plasticity-Without-Relearning-Fe
atures/paper/.texlocal/root/usr/share/texlive/texmf-dist/tex/generic/intcalc/in
tcalc.sty)
(/home/user/Can-Optimizer-State-Repair-Recover-Plasticity-Without-Relearning-Fe
atures/paper/.texlocal/root/usr/share/texlive/texmf-dist/tex/latex/hyperref/pue
nc.def)
(/home/user/Can-Optimizer-State-Repair-Recover-Plasticity-Without-Relearning-Fe
atures/paper/.texlocal/root/usr/share/texlive/texmf-dist/tex/latex/url/url.sty)

(/home/user/Can-Optimizer-State-Repair-Recover-Plasticity-Without-Relearning-Fe
atures/paper/.texlocal/root/usr/share/texlive/texmf-dist/tex/generic/bitset/bit
set.sty
(/home/user/Can-Optimizer-State-Repair-Recover-Plasticity-Without-Relearning-Fe
atures/paper/.texlocal/root/usr/share/texlive/texmf-dist/tex/generic/bigintcalc
/bigintcalc.sty))
(/home/user/Can-Optimizer-State-Repair-Recover-Plasticity-Without-Relearning-Fe
atures/paper/.texlocal/root/usr/share/texlive/texmf-dist/tex/latex/base/atbegsh
i-ltx.sty))
(/home/user/Can-Optimizer-State-Repair-Recover-Plasticity-Without-Relearning-Fe
atures/paper/.texlocal/root/usr/share/texlive/texmf-dist/tex/latex/hyperref/hpd
ftex.def
(/home/user/Can-Optimizer-State-Repair-Recover-Plasticity-Without-Relearning-Fe
atures/paper/.texlocal/root/usr/share/texlive/texmf-dist/tex/latex/base/atverye
nd-ltx.sty)
(/home/user/Can-Optimizer-State-Repair-Recover-Plasticity-Without-Relearning-Fe
atures/paper/.texlocal/root/usr/share/texlive/texmf-dist/tex/latex/rerunfileche
ck/rerunfilecheck.sty
(/home/user/Can-Optimizer-State-Repair-Recover-Plasticity-Without-Relearning-Fe
atures/paper/.texlocal/root/usr/share/texlive/texmf-dist/tex/generic/uniquecoun
ter/uniquecounter.sty)))
(/home/user/Can-Optimizer-State-Repair-Recover-Plasticity-Without-Relearning-Fe
atures/paper/.texlocal/root/usr/share/texlive/texmf-dist/tex/latex/booktabs/boo
ktabs.sty)
(/home/user/Can-Optimizer-State-Repair-Recover-Plasticity-Without-Relearning-Fe
atures/paper/.texlocal/root/usr/share/texlive/texmf-dist/tex/latex/amsfonts/ams
symb.sty)
(/home/user/Can-Optimizer-State-Repair-Recover-Plasticity-Without-Relearning-Fe
atures/paper/.texlocal/root/usr/share/texlive/texmf-dist/tex/latex/pgfplots/pgf
plots.sty
(/home/user/Can-Optimizer-State-Repair-Recover-Plasticity-Without-Relearning-Fe
atures/paper/.texlocal/root/usr/share/texlive/texmf-dist/tex/generic/pgfplots/p
gfplots.revision.tex)
(/home/user/Can-Optimizer-State-Repair-Recover-Plasticity-Without-Relearning-Fe
atures/paper/.texlocal/root/usr/share/texlive/texmf-dist/tex/latex/graphics/gra
phicx.sty
(/home/user/Can-Optimizer-State-Repair-Recover-Plasticity-Without-Relearning-Fe
atures/paper/.texlocal/root/usr/share/texlive/texmf-dist/tex/latex/graphics/gra
phics.sty
(/home/user/Can-Optimizer-State-Repair-Recover-Plasticity-Without-Relearning-Fe
atures/paper/.texlocal/root/usr/share/texlive/texmf-dist/tex/latex/graphics/tri
g.sty)
(/home/user/Can-Optimizer-State-Repair-Recover-Plasticity-Without-Relearning-Fe
atures/paper/.texlocal/root/usr/share/texlive/texmf-dist/tex/latex/graphics-cfg
/graphics.cfg)))
(/home/user/Can-Optimizer-State-Repair-Recover-Plasticity-Without-Relearning-Fe
atures/paper/.texlocal/root/usr/share/texlive/texmf-dist/tex/latex/pgf/frontend
layer/tikz.sty
(/home/user/Can-Optimizer-State-Repair-Recover-Plasticity-Without-Relearning-Fe
atures/paper/.texlocal/root/usr/share/texlive/texmf-dist/tex/latex/pgf/basiclay
er/pgf.sty
(/home/user/Can-Optimizer-State-Repair-Recover-Plasticity-Without-Relearning-Fe
atures/paper/.texlocal/root/usr/share/texlive/texmf-dist/tex/latex/pgf/utilitie
s/pgfrcs.sty
(/home/user/Can-Optimizer-State-Repair-Recover-Plasticity-Without-Relearning-Fe
atures/paper/.texlocal/root/usr/share/texlive/texmf-dist/tex/generic/pgf/utilit
ies/pgfutil-common.tex)
(/home/user/Can-Optimizer-State-Repair-Recover-Plasticity-Without-Relearning-Fe
atures/paper/.texlocal/root/usr/share/texlive/texmf-dist/tex/generic/pgf/utilit
ies/pgfutil-latex.def)
(/home/user/Can-Optimizer-State-Repair-Recover-Plasticity-Without-Relearning-Fe
atures/paper/.texlocal/root/usr/share/texlive/texmf-dist/tex/generic/pgf/utilit
ies/pgfrcs.code.tex
(/home/user/Can-Optimizer-State-Repair-Recover-Plasticity-Without-Relearning-Fe
atures/paper/.texlocal/root/usr/share/texlive/texmf-dist/tex/generic/pgf/pgf.re
vision.tex)))
(/home/user/Can-Optimizer-State-Repair-Recover-Plasticity-Without-Relearning-Fe
atures/paper/.texlocal/root/usr/share/texlive/texmf-dist/tex/latex/pgf/basiclay
er/pgfcore.sty
(/home/user/Can-Optimizer-State-Repair-Recover-Plasticity-Without-Relearning-Fe
atures/paper/.texlocal/root/usr/share/texlive/texmf-dist/tex/latex/pgf/systemla
yer/pgfsys.sty
(/home/user/Can-Optimizer-State-Repair-Recover-Plasticity-Without-Relearning-Fe
atures/paper/.texlocal/root/usr/share/texlive/texmf-dist/tex/generic/pgf/system
layer/pgfsys.code.tex
(/home/user/Can-Optimizer-State-Repair-Recover-Plasticity-Without-Relearning-Fe
atures/paper/.texlocal/root/usr/share/texlive/texmf-dist/tex/generic/pgf/utilit
ies/pgfkeys.code.tex
(/home/user/Can-Optimizer-State-Repair-Recover-Plasticity-Without-Relearning-Fe
atures/paper/.texlocal/root/usr/share/texlive/texmf-dist/tex/generic/pgf/utilit
ies/pgfkeyslibraryfiltered.code.tex))
(/home/user/Can-Optimizer-State-Repair-Recover-Plasticity-Without-Relearning-Fe
atures/paper/.texlocal/root/usr/share/texlive/texmf-dist/tex/generic/pgf/system
layer/pgf.cfg)
(/home/user/Can-Optimizer-State-Repair-Recover-Plasticity-Without-Relearning-Fe
atures/paper/.texlocal/root/usr/share/texlive/texmf-dist/tex/generic/pgf/system
layer/pgfsys-pdftex.def
(/home/user/Can-Optimizer-State-Repair-Recover-Plasticity-Without-Relearning-Fe
atures/paper/.texlocal/root/usr/share/texlive/texmf-dist/tex/generic/pgf/system
layer/pgfsys-common-pdf.def)))
(/home/user/Can-Optimizer-State-Repair-Recover-Plasticity-Without-Relearning-Fe
atures/paper/.texlocal/root/usr/share/texlive/texmf-dist/tex/generic/pgf/system
layer/pgfsyssoftpath.code.tex)
(/home/user/Can-Optimizer-State-Repair-Recover-Plasticity-Without-Relearning-Fe
atures/paper/.texlocal/root/usr/share/texlive/texmf-dist/tex/generic/pgf/system
layer/pgfsysprotocol.code.tex))
(/home/user/Can-Optimizer-State-Repair-Recover-Plasticity-Without-Relearning-Fe
atures/paper/.texlocal/root/usr/share/texlive/texmf-dist/tex/generic/pgf/basicl
ayer/pgfcore.code.tex
(/home/user/Can-Optimizer-State-Repair-Recover-Plasticity-Without-Relearning-Fe
atures/paper/.texlocal/root/usr/share/texlive/texmf-dist/tex/generic/pgf/math/p
gfmath.code.tex
(/home/user/Can-Optimizer-State-Repair-Recover-Plasticity-Without-Relearning-Fe
atures/paper/.texlocal/root/usr/share/texlive/texmf-dist/tex/generic/pgf/math/p
gfmathutil.code.tex)
(/home/user/Can-Optimizer-State-Repair-Recover-Plasticity-Without-Relearning-Fe
atures/paper/.texlocal/root/usr/share/texlive/texmf-dist/tex/generic/pgf/math/p
gfmathparser.code.tex)
(/home/user/Can-Optimizer-State-Repair-Recover-Plasticity-Without-Relearning-Fe
atures/paper/.texlocal/root/usr/share/texlive/texmf-dist/tex/generic/pgf/math/p
gfmathfunctions.code.tex)
(/home/user/Can-Optimizer-State-Repair-Recover-Plasticity-Without-Relearning-Fe
atures/paper/.texlocal/root/usr/share/texlive/texmf-dist/tex/generic/pgf/math/p
gfmathfunctions.basic.code.tex)
(/home/user/Can-Optimizer-State-Repair-Recover-Plasticity-Without-Relearning-Fe
atures/paper/.texlocal/root/usr/share/texlive/texmf-dist/tex/generic/pgf/math/p
gfmathfunctions.trigonometric.code.tex)
(/home/user/Can-Optimizer-State-Repair-Recover-Plasticity-Without-Relearning-Fe
atures/paper/.texlocal/root/usr/share/texlive/texmf-dist/tex/generic/pgf/math/p
gfmathfunctions.random.code.tex)
(/home/user/Can-Optimizer-State-Repair-Recover-Plasticity-Without-Relearning-Fe
atures/paper/.texlocal/root/usr/share/texlive/texmf-dist/tex/generic/pgf/math/p
gfmathfunctions.comparison.code.tex)
(/home/user/Can-Optimizer-State-Repair-Recover-Plasticity-Without-Relearning-Fe
atures/paper/.texlocal/root/usr/share/texlive/texmf-dist/tex/generic/pgf/math/p
gfmathfunctions.base.code.tex)
(/home/user/Can-Optimizer-State-Repair-Recover-Plasticity-Without-Relearning-Fe
atures/paper/.texlocal/root/usr/share/texlive/texmf-dist/tex/generic/pgf/math/p
gfmathfunctions.round.code.tex)
(/home/user/Can-Optimizer-State-Repair-Recover-Plasticity-Without-Relearning-Fe
atures/paper/.texlocal/root/usr/share/texlive/texmf-dist/tex/generic/pgf/math/p
gfmathfunctions.misc.code.tex)
(/home/user/Can-Optimizer-State-Repair-Recover-Plasticity-Without-Relearning-Fe
atures/paper/.texlocal/root/usr/share/texlive/texmf-dist/tex/generic/pgf/math/p
gfmathfunctions.integerarithmetics.code.tex)
(/home/user/Can-Optimizer-State-Repair-Recover-Plasticity-Without-Relearning-Fe
atures/paper/.texlocal/root/usr/share/texlive/texmf-dist/tex/generic/pgf/math/p
gfmathcalc.code.tex)
(/home/user/Can-Optimizer-State-Repair-Recover-Plasticity-Without-Relearning-Fe
atures/paper/.texlocal/root/usr/share/texlive/texmf-dist/tex/generic/pgf/math/p
gfmathfloat.code.tex))
(/home/user/Can-Optimizer-State-Repair-Recover-Plasticity-Without-Relearning-Fe
atures/paper/.texlocal/root/usr/share/texlive/texmf-dist/tex/generic/pgf/math/p
gfint.code.tex)
(/home/user/Can-Optimizer-State-Repair-Recover-Plasticity-Without-Relearning-Fe
atures/paper/.texlocal/root/usr/share/texlive/texmf-dist/tex/generic/pgf/basicl
ayer/pgfcorepoints.code.tex)
(/home/user/Can-Optimizer-State-Repair-Recover-Plasticity-Without-Relearning-Fe
atures/paper/.texlocal/root/usr/share/texlive/texmf-dist/tex/generic/pgf/basicl
ayer/pgfcorepathconstruct.code.tex)
(/home/user/Can-Optimizer-State-Repair-Recover-Plasticity-Without-Relearning-Fe
atures/paper/.texlocal/root/usr/share/texlive/texmf-dist/tex/generic/pgf/basicl
ayer/pgfcorepathusage.code.tex)
(/home/user/Can-Optimizer-State-Repair-Recover-Plasticity-Without-Relearning-Fe
atures/paper/.texlocal/root/usr/share/texlive/texmf-dist/tex/generic/pgf/basicl
ayer/pgfcorescopes.code.tex)
(/home/user/Can-Optimizer-State-Repair-Recover-Plasticity-Without-Relearning-Fe
atures/paper/.texlocal/root/usr/share/texlive/texmf-dist/tex/generic/pgf/basicl
ayer/pgfcoregraphicstate.code.tex)
(/home/user/Can-Optimizer-State-Repair-Recover-Plasticity-Without-Relearning-Fe
atures/paper/.texlocal/root/usr/share/texlive/texmf-dist/tex/generic/pgf/basicl
ayer/pgfcoretransformations.code.tex)
(/home/user/Can-Optimizer-State-Repair-Recover-Plasticity-Without-Relearning-Fe
atures/paper/.texlocal/root/usr/share/texlive/texmf-dist/tex/generic/pgf/basicl
ayer/pgfcorequick.code.tex)
(/home/user/Can-Optimizer-State-Repair-Recover-Plasticity-Without-Relearning-Fe
atures/paper/.texlocal/root/usr/share/texlive/texmf-dist/tex/generic/pgf/basicl
ayer/pgfcoreobjects.code.tex)
(/home/user/Can-Optimizer-State-Repair-Recover-Plasticity-Without-Relearning-Fe
atures/paper/.texlocal/root/usr/share/texlive/texmf-dist/tex/generic/pgf/basicl
ayer/pgfcorepathprocessing.code.tex)
(/home/user/Can-Optimizer-State-Repair-Recover-Plasticity-Without-Relearning-Fe
atures/paper/.texlocal/root/usr/share/texlive/texmf-dist/tex/generic/pgf/basicl
ayer/pgfcorearrows.code.tex)
(/home/user/Can-Optimizer-State-Repair-Recover-Plasticity-Without-Relearning-Fe
atures/paper/.texlocal/root/usr/share/texlive/texmf-dist/tex/generic/pgf/basicl
ayer/pgfcoreshade.code.tex)
(/home/user/Can-Optimizer-State-Repair-Recover-Plasticity-Without-Relearning-Fe
atures/paper/.texlocal/root/usr/share/texlive/texmf-dist/tex/generic/pgf/basicl
ayer/pgfcoreimage.code.tex)
(/home/user/Can-Optimizer-State-Repair-Recover-Plasticity-Without-Relearning-Fe
atures/paper/.texlocal/root/usr/share/texlive/texmf-dist/tex/generic/pgf/basicl
ayer/pgfcoreexternal.code.tex)
(/home/user/Can-Optimizer-State-Repair-Recover-Plasticity-Without-Relearning-Fe
atures/paper/.texlocal/root/usr/share/texlive/texmf-dist/tex/generic/pgf/basicl
ayer/pgfcorelayers.code.tex)
(/home/user/Can-Optimizer-State-Repair-Recover-Plasticity-Without-Relearning-Fe
atures/paper/.texlocal/root/usr/share/texlive/texmf-dist/tex/generic/pgf/basicl
ayer/pgfcoretransparency.code.tex)
(/home/user/Can-Optimizer-State-Repair-Recover-Plasticity-Without-Relearning-Fe
atures/paper/.texlocal/root/usr/share/texlive/texmf-dist/tex/generic/pgf/basicl
ayer/pgfcorepatterns.code.tex)
(/home/user/Can-Optimizer-State-Repair-Recover-Plasticity-Without-Relearning-Fe
atures/paper/.texlocal/root/usr/share/texlive/texmf-dist/tex/generic/pgf/basicl
ayer/pgfcorerdf.code.tex)))
(/home/user/Can-Optimizer-State-Repair-Recover-Plasticity-Without-Relearning-Fe
atures/paper/.texlocal/root/usr/share/texlive/texmf-dist/tex/generic/pgf/module
s/pgfmoduleshapes.code.tex)
(/home/user/Can-Optimizer-State-Repair-Recover-Plasticity-Without-Relearning-Fe
atures/paper/.texlocal/root/usr/share/texlive/texmf-dist/tex/generic/pgf/module
s/pgfmoduleplot.code.tex)
(/home/user/Can-Optimizer-State-Repair-Recover-Plasticity-Without-Relearning-Fe
atures/paper/.texlocal/root/usr/share/texlive/texmf-dist/tex/latex/pgf/compatib
ility/pgfcomp-version-0-65.sty)
(/home/user/Can-Optimizer-State-Repair-Recover-Plasticity-Without-Relearning-Fe
atures/paper/.texlocal/root/usr/share/texlive/texmf-dist/tex/latex/pgf/compatib
ility/pgfcomp-version-1-18.sty))
(/home/user/Can-Optimizer-State-Repair-Recover-Plasticity-Without-Relearning-Fe
atures/paper/.texlocal/root/usr/share/texlive/texmf-dist/tex/latex/pgf/utilitie
s/pgffor.sty
(/home/user/Can-Optimizer-State-Repair-Recover-Plasticity-Without-Relearning-Fe
atures/paper/.texlocal/root/usr/share/texlive/texmf-dist/tex/latex/pgf/utilitie
s/pgfkeys.sty
(/home/user/Can-Optimizer-State-Repair-Recover-Plasticity-Without-Relearning-Fe
atures/paper/.texlocal/root/usr/share/texlive/texmf-dist/tex/generic/pgf/utilit
ies/pgfkeys.code.tex))
(/home/user/Can-Optimizer-State-Repair-Recover-Plasticity-Without-Relearning-Fe
atures/paper/.texlocal/root/usr/share/texlive/texmf-dist/tex/latex/pgf/math/pgf
math.sty
(/home/user/Can-Optimizer-State-Repair-Recover-Plasticity-Without-Relearning-Fe
atures/paper/.texlocal/root/usr/share/texlive/texmf-dist/tex/generic/pgf/math/p
gfmath.code.tex))
(/home/user/Can-Optimizer-State-Repair-Recover-Plasticity-Without-Relearning-Fe
atures/paper/.texlocal/root/usr/share/texlive/texmf-dist/tex/generic/pgf/utilit
ies/pgffor.code.tex))
(/home/user/Can-Optimizer-State-Repair-Recover-Plasticity-Without-Relearning-Fe
atures/paper/.texlocal/root/usr/share/texlive/texmf-dist/tex/generic/pgf/fronte
ndlayer/tikz/tikz.code.tex
(/home/user/Can-Optimizer-State-Repair-Recover-Plasticity-Without-Relearning-Fe
atures/paper/.texlocal/root/usr/share/texlive/texmf-dist/tex/generic/pgf/librar
ies/pgflibraryplothandlers.code.tex)
(/home/user/Can-Optimizer-State-Repair-Recover-Plasticity-Without-Relearning-Fe
atures/paper/.texlocal/root/usr/share/texlive/texmf-dist/tex/generic/pgf/module
s/pgfmodulematrix.code.tex)
(/home/user/Can-Optimizer-State-Repair-Recover-Plasticity-Without-Relearning-Fe
atures/paper/.texlocal/root/usr/share/texlive/texmf-dist/tex/generic/pgf/fronte
ndlayer/tikz/libraries/tikzlibrarytopaths.code.tex)))
(/home/user/Can-Optimizer-State-Repair-Recover-Plasticity-Without-Relearning-Fe
atures/paper/.texlocal/root/usr/share/texlive/texmf-dist/tex/generic/pgfplots/p
gfplots.code.tex
(/home/user/Can-Optimizer-State-Repair-Recover-Plasticity-Without-Relearning-Fe
atures/paper/.texlocal/root/usr/share/texlive/texmf-dist/tex/generic/pgfplots/p
gfplotscore.code.tex
(/home/user/Can-Optimizer-State-Repair-Recover-Plasticity-Without-Relearning-Fe
atures/paper/.texlocal/root/usr/share/texlive/texmf-dist/tex/generic/pgfplots/s
ys/pgfplotssysgeneric.code.tex))
(/home/user/Can-Optimizer-State-Repair-Recover-Plasticity-Without-Relearning-Fe
atures/paper/.texlocal/root/usr/share/texlive/texmf-dist/tex/generic/pgfplots/l
ibs/pgfplotslibrary.code.tex)
(/home/user/Can-Optimizer-State-Repair-Recover-Plasticity-Without-Relearning-Fe
atures/paper/.texlocal/root/usr/share/texlive/texmf-dist/tex/generic/pgfplots/o
ldpgfcompatib/pgfplotsoldpgfsupp_loader.code.tex
(/home/user/Can-Optimizer-State-Repair-Recover-Plasticity-Without-Relearning-Fe
atures/paper/.texlocal/root/usr/share/texlive/texmf-dist/tex/generic/pgf/librar
ies/pgflibraryfpu.code.tex)
Package pgfplots: loading complementary utilities for your pgf version...

(/home/user/Can-Optimizer-State-Repair-Recover-Plasticity-Without-Relearning-Fe
atures/paper/.texlocal/root/usr/share/texlive/texmf-dist/tex/generic/pgfplots/o
ldpgfcompatib/pgfplotsoldpgfsupp_pgfutil-common-lists.tex))
(/home/user/Can-Optimizer-State-Repair-Recover-Plasticity-Without-Relearning-Fe
atures/paper/.texlocal/root/usr/share/texlive/texmf-dist/tex/generic/pgfplots/u
til/pgfplotsutil.code.tex
(/home/user/Can-Optimizer-State-Repair-Recover-Plasticity-Without-Relearning-Fe
atures/paper/.texlocal/root/usr/share/texlive/texmf-dist/tex/generic/pgfplots/l
iststructure/pgfplotsliststructure.code.tex)
(/home/user/Can-Optimizer-State-Repair-Recover-Plasticity-Without-Relearning-Fe
atures/paper/.texlocal/root/usr/share/texlive/texmf-dist/tex/generic/pgfplots/l
iststructure/pgfplotsliststructureext.code.tex)
(/home/user/Can-Optimizer-State-Repair-Recover-Plasticity-Without-Relearning-Fe
atures/paper/.texlocal/root/usr/share/texlive/texmf-dist/tex/generic/pgfplots/l
iststructure/pgfplotsarray.code.tex)
(/home/user/Can-Optimizer-State-Repair-Recover-Plasticity-Without-Relearning-Fe
atures/paper/.texlocal/root/usr/share/texlive/texmf-dist/tex/generic/pgfplots/l
iststructure/pgfplotsmatrix.code.tex)
(/home/user/Can-Optimizer-State-Repair-Recover-Plasticity-Without-Relearning-Fe
atures/paper/.texlocal/root/usr/share/texlive/texmf-dist/tex/generic/pgfplots/n
umtable/pgfplotstableshared.code.tex)
(/home/user/Can-Optimizer-State-Repair-Recover-Plasticity-Without-Relearning-Fe
atures/paper/.texlocal/root/usr/share/texlive/texmf-dist/tex/generic/pgfplots/l
iststructure/pgfplotsdeque.code.tex)
(/home/user/Can-Optimizer-State-Repair-Recover-Plasticity-Without-Relearning-Fe
atures/paper/.texlocal/root/usr/share/texlive/texmf-dist/tex/generic/pgfplots/u
til/pgfplotsbinary.code.tex
(/home/user/Can-Optimizer-State-Repair-Recover-Plasticity-Without-Relearning-Fe
atures/paper/.texlocal/root/usr/share/texlive/texmf-dist/tex/generic/pgfplots/u
til/pgfplotsbinary.data.code.tex))
(/home/user/Can-Optimizer-State-Repair-Recover-Plasticity-Without-Relearning-Fe
atures/paper/.texlocal/root/usr/share/texlive/texmf-dist/tex/generic/pgfplots/u
til/pgfplotsutil.verb.code.tex)
(/home/user/Can-Optimizer-State-Repair-Recover-Plasticity-Without-Relearning-Fe
atures/paper/.texlocal/root/usr/share/texlive/texmf-dist/tex/generic/pgfplots/l
ibs/pgflibrarypgfplots.surfshading.code.tex
(/home/user/Can-Optimizer-State-Repair-Recover-Plasticity-Without-Relearning-Fe
atures/paper/.texlocal/root/usr/share/texlive/texmf-dist/tex/generic/pgfplots/s
ys/pgflibrarypgfplots.surfshading.pgfsys-pdftex.def)))
(/home/user/Can-Optimizer-State-Repair-Recover-Plasticity-Without-Relearning-Fe
atures/paper/.texlocal/root/usr/share/texlive/texmf-dist/tex/generic/pgfplots/u
til/pgfplotscolormap.code.tex
(/home/user/Can-Optimizer-State-Repair-Recover-Plasticity-Without-Relearning-Fe
atures/paper/.texlocal/root/usr/share/texlive/texmf-dist/tex/generic/pgfplots/u
til/pgfplotscolor.code.tex))
(/home/user/Can-Optimizer-State-Repair-Recover-Plasticity-Without-Relearning-Fe
atures/paper/.texlocal/root/usr/share/texlive/texmf-dist/tex/generic/pgfplots/p
gfplotsstackedplots.code.tex)
(/home/user/Can-Optimizer-State-Repair-Recover-Plasticity-Without-Relearning-Fe
atures/paper/.texlocal/root/usr/share/texlive/texmf-dist/tex/generic/pgfplots/p
gfplotsplothandlers.code.tex
(/home/user/Can-Optimizer-State-Repair-Recover-Plasticity-Without-Relearning-Fe
atures/paper/.texlocal/root/usr/share/texlive/texmf-dist/tex/generic/pgfplots/p
gfplotsmeshplothandler.code.tex
(/home/user/Can-Optimizer-State-Repair-Recover-Plasticity-Without-Relearning-Fe
atures/paper/.texlocal/root/usr/share/texlive/texmf-dist/tex/generic/pgfplots/p
gfplotsmeshplotimage.code.tex)))
(/home/user/Can-Optimizer-State-Repair-Recover-Plasticity-Without-Relearning-Fe
atures/paper/.texlocal/root/usr/share/texlive/texmf-dist/tex/generic/pgfplots/p
gfplots.scaling.code.tex)
(/home/user/Can-Optimizer-State-Repair-Recover-Plasticity-Without-Relearning-Fe
atures/paper/.texlocal/root/usr/share/texlive/texmf-dist/tex/generic/pgfplots/p
gfplotscoordprocessing.code.tex)
(/home/user/Can-Optimizer-State-Repair-Recover-Plasticity-Without-Relearning-Fe
atures/paper/.texlocal/root/usr/share/texlive/texmf-dist/tex/generic/pgfplots/p
gfplots.errorbars.code.tex)
(/home/user/Can-Optimizer-State-Repair-Recover-Plasticity-Without-Relearning-Fe
atures/paper/.texlocal/root/usr/share/texlive/texmf-dist/tex/generic/pgfplots/p
gfplots.markers.code.tex)
(/home/user/Can-Optimizer-State-Repair-Recover-Plasticity-Without-Relearning-Fe
atures/paper/.texlocal/root/usr/share/texlive/texmf-dist/tex/generic/pgfplots/p
gfplotsticks.code.tex)
(/home/user/Can-Optimizer-State-Repair-Recover-Plasticity-Without-Relearning-Fe
atures/paper/.texlocal/root/usr/share/texlive/texmf-dist/tex/generic/pgfplots/p
gfplots.paths.code.tex)
(/home/user/Can-Optimizer-State-Repair-Recover-Plasticity-Without-Relearning-Fe
atures/paper/.texlocal/root/usr/share/texlive/texmf-dist/tex/generic/pgf/fronte
ndlayer/tikz/libraries/tikzlibrarydecorations.code.tex
(/home/user/Can-Optimizer-State-Repair-Recover-Plasticity-Without-Relearning-Fe
atures/paper/.texlocal/root/usr/share/texlive/texmf-dist/tex/generic/pgf/module
s/pgfmoduledecorations.code.tex))
(/home/user/Can-Optimizer-State-Repair-Recover-Plasticity-Without-Relearning-Fe
atures/paper/.texlocal/root/usr/share/texlive/texmf-dist/tex/generic/pgf/fronte
ndlayer/tikz/libraries/tikzlibrarydecorations.pathmorphing.code.tex
(/home/user/Can-Optimizer-State-Repair-Recover-Plasticity-Without-Relearning-Fe
atures/paper/.texlocal/root/usr/share/texlive/texmf-dist/tex/generic/pgf/librar
ies/decorations/pgflibrarydecorations.pathmorphing.code.tex))
(/home/user/Can-Optimizer-State-Repair-Recover-Plasticity-Without-Relearning-Fe
atures/paper/.texlocal/root/usr/share/texlive/texmf-dist/tex/generic/pgf/fronte
ndlayer/tikz/libraries/tikzlibrarydecorations.pathreplacing.code.tex
(/home/user/Can-Optimizer-State-Repair-Recover-Plasticity-Without-Relearning-Fe
atures/paper/.texlocal/root/usr/share/texlive/texmf-dist/tex/generic/pgf/librar
ies/decorations/pgflibrarydecorations.pathreplacing.code.tex))
(/home/user/Can-Optimizer-State-Repair-Recover-Plasticity-Without-Relearning-Fe
atures/paper/.texlocal/root/usr/share/texlive/texmf-dist/tex/generic/pgfplots/l
ibs/tikzlibrarypgfplots.contourlua.code.tex))
(/home/user/Can-Optimizer-State-Repair-Recover-Plasticity-Without-Relearning-Fe
atures/paper/.texlocal/root/usr/share/texlive/texmf-dist/tex/generic/pgf/fronte
ndlayer/tikz/libraries/tikzlibraryplotmarks.code.tex
(/home/user/Can-Optimizer-State-Repair-Recover-Plasticity-Without-Relearning-Fe
atures/paper/.texlocal/root/usr/share/texlive/texmf-dist/tex/generic/pgf/librar
ies/pgflibraryplotmarks.code.tex))) (./tables/numbers.tex)
(/home/user/Can-Optimizer-State-Repair-Recover-Plasticity-Without-Relearning-Fe
atures/paper/.texlocal/root/usr/share/texlive/texmf-dist/tex/latex/psnfss/ot1pt
m.fd)
(/home/user/Can-Optimizer-State-Repair-Recover-Plasticity-Without-Relearning-Fe
atures/paper/.texlocal/root/usr/share/texlive/texmf-dist/tex/latex/l3backend/l3
backend-pdftex.def) (./main.aux)
(/home/user/Can-Optimizer-State-Repair-Recover-Plasticity-Without-Relearning-Fe
atures/paper/.texlocal/root/usr/share/texlive/texmf-dist/tex/context/base/mkii/
supp-pdf.mkii
[Loading MPS to PDF converter (version 2006.09.02).]
)
(/home/user/Can-Optimizer-State-Repair-Recover-Plasticity-Without-Relearning-Fe
atures/paper/.texlocal/root/usr/share/texlive/texmf-dist/tex/latex/epstopdf-pkg
/epstopdf-base.sty
(/home/user/Can-Optimizer-State-Repair-Recover-Plasticity-Without-Relearning-Fe
atures/paper/.texlocal/root/usr/share/texlive/texmf-dist/tex/latex/latexconfig/
epstopdf-sys.cfg)) (./main.out) (./main.out)
Package pgfplots notification 'compat/show suggested version=true': you might b
enefit from \pgfplotsset{compat=1.18} (current compat level: 1.17).


Underfull \hbox (badness 10000) in paragraph at lines 26--26
\OT1/ptm/m/sc/17.28 from Update-Scale Ef-fect-s in Con-tin-u-al

(/home/user/Can-Optimizer-State-Repair-Recover-Plasticity-Without-Relearning-Fe
atures/paper/.texlocal/root/usr/share/texlive/texmf-dist/tex/latex/amsfonts/ums
a.fd)
(/home/user/Can-Optimizer-State-Repair-Recover-Plasticity-Without-Relearning-Fe
atures/paper/.texlocal/root/usr/share/texlive/texmf-dist/tex/latex/amsfonts/ums
b.fd)
(/home/user/Can-Optimizer-State-Repair-Recover-Plasticity-Without-Relearning-Fe
atures/paper/.texlocal/root/usr/share/texlive/texmf-dist/tex/latex/psnfss/ot1pc
r.fd) (./sections/abstract.tex) (./sections/introduction.tex

Package natbib Warning: Citation `dohare2024loss' on page 1 undefined on input 
line 5.


Package natbib Warning: Citation `lyle2023understanding' on page 1 undefined on
 input line 5.


Package natbib Warning: Citation `kingma2015adam' on page 1 undefined on input 
line 5.


Package natbib Warning: Citation `lyle2023understanding' on page 1 undefined on
 input line 7.


Package natbib Warning: Citation `dohare2024loss' on page 1 undefined on input 
line 7.


Package natbib Warning: Citation `ellis2024adam' on page 1 undefined on input l
ine 7.


Package natbib Warning: Citation `asadi2023resetting' on page 1 undefined on in
put line 9.


Package natbib Warning: Citation `ellis2024adam' on page 1 undefined on input l
ine 9.


Package natbib Warning: Citation `kang2024continual' on page 1 undefined on inp
ut line 10.


Package natbib Warning: Citation `ellis2024adam' on page 1 undefined on input l
ine 14.

[1{/home/user/Can-Optimizer-State-Repair-Recover-Plasticity-Without-Relearning-
Features/paper/.texlocal/var/fonts/map/pdftex/updmap/pdftex.map

pdfTeX warning: /home/user/Can-Optimizer-State-Repair-Recover-Plasticity-Withou
t-Relearning-Features/paper/.texlocal/root/usr/bin/pdflatex (file /home/user/Ca
n-Optimizer-State-Repair-Recover-Plasticity-Without-Relearning-Features/paper/.
texlocal/var/fonts/map/pdftex/updmap/pdftex.map): fontmap entry for `pagd8r' al
ready exists, duplicates ignored


pdfTeX warning: /home/user/Can-Optimizer-State-Repair-Recover-Plasticity-Withou
t-Relearning-Features/paper/.texlocal/root/usr/bin/pdflatex (file /home/user/Ca
n-Optimizer-State-Repair-Recover-Plasticity-Without-Relearning-Features/paper/.
texlocal/var/fonts/map/pdftex/updmap/pdftex.map): fontmap entry for `pagdo8r' a
lready exists, duplicates ignored


pdfTeX warning: /home/user/Can-Optimizer-State-Repair-Recover-Plasticity-Withou
t-Relearning-Features/paper/.texlocal/root/usr/bin/pdflatex (file /home/user/Ca
n-Optimizer-State-Repair-Recover-Plasticity-Without-Relearning-Features/paper/.
texlocal/var/fonts/map/pdftex/updmap/pdftex.map): fontmap entry for `pagk8r' al
ready exists, duplicates ignored


pdfTeX warning: /home/user/Can-Optimizer-State-Repair-Recover-Plasticity-Withou
t-Relearning-Features/paper/.texlocal/root/usr/bin/pdflatex (file /home/user/Ca
n-Optimizer-State-Repair-Recover-Plasticity-Without-Relearning-Features/paper/.
texlocal/var/fonts/map/pdftex/updmap/pdftex.map): fontmap entry for `pagko8r' a
lready exists, duplicates ignored


pdfTeX warning: /home/user/Can-Optimizer-State-Repair-Recover-Plasticity-Withou
t-Relearning-Features/paper/.texlocal/root/usr/bin/pdflatex (file /home/user/Ca
n-Optimizer-State-Repair-Recover-Plasticity-Without-Relearning-Features/paper/.
texlocal/var/fonts/map/pdftex/updmap/pdftex.map): fontmap entry for `pbkd8r' al
ready exists, duplicates ignored


pdfTeX warning: /home/user/Can-Optimizer-State-Repair-Recover-Plasticity-Withou
t-Relearning-Features/paper/.texlocal/root/usr/bin/pdflatex (file /home/user/Ca
n-Optimizer-State-Repair-Recover-Plasticity-Without-Relearning-Features/paper/.
texlocal/var/fonts/map/pdftex/updmap/pdftex.map): fontmap entry for `pbkdi8r' a
lready exists, duplicates ignored


pdfTeX warning: /home/user/Can-Optimizer-State-Repair-Recover-Plasticity-Withou
t-Relearning-Features/paper/.texlocal/root/usr/bin/pdflatex (file /home/user/Ca
n-Optimizer-State-Repair-Recover-Plasticity-Without-Relearning-Features/paper/.
texlocal/var/fonts/map/pdftex/updmap/pdftex.map): invalid entry for `pbkdo8r': 
SlantFont/ExtendFont can be used only with embedded Type1 fonts


pdfTeX warning: /home/user/Can-Optimizer-State-Repair-Recover-Plasticity-Withou
t-Relearning-Features/paper/.texlocal/root/usr/bin/pdflatex (file /home/user/Ca
n-Optimizer-State-Repair-Recover-Plasticity-Without-Relearning-Features/paper/.
texlocal/var/fonts/map/pdftex/updmap/pdftex.map): fontmap entry for `pbkl8r' al
ready exists, duplicates ignored


pdfTeX warning: /home/user/Can-Optimizer-State-Repair-Recover-Plasticity-Withou
t-Relearning-Features/paper/.texlocal/root/usr/bin/pdflatex (file /home/user/Ca
n-Optimizer-State-Repair-Recover-Plasticity-Without-Relearning-Features/paper/.
texlocal/var/fonts/map/pdftex/updmap/pdftex.map): fontmap entry for `pbkli8r' a
lready exists, duplicates ignored


pdfTeX warning: /home/user/Can-Optimizer-State-Repair-Recover-Plasticity-Withou
t-Relearning-Features/paper/.texlocal/root/usr/bin/pdflatex (file /home/user/Ca
n-Optimizer-State-Repair-Recover-Plasticity-Without-Relearning-Features/paper/.
texlocal/var/fonts/map/pdftex/updmap/pdftex.map): invalid entry for `pbklo8r': 
SlantFont/ExtendFont can be used only with embedded Type1 fonts


pdfTeX warning: /home/user/Can-Optimizer-State-Repair-Recover-Plasticity-Withou
t-Relearning-Features/paper/.texlocal/root/usr/bin/pdflatex (file /home/user/Ca
n-Optimizer-State-Repair-Recover-Plasticity-Without-Relearning-Features/paper/.
texlocal/var/fonts/map/pdftex/updmap/pdftex.map): fontmap entry for `pcrb8r' al
ready exists, duplicates ignored


pdfTeX warning: /home/user/Can-Optimizer-State-Repair-Recover-Plasticity-Withou
t-Relearning-Features/paper/.texlocal/root/usr/bin/pdflatex (file /home/user/Ca
n-Optimizer-State-Repair-Recover-Plasticity-Without-Relearning-Features/paper/.
texlocal/var/fonts/map/pdftex/updmap/pdftex.map): fontmap entry for `pcrbo8r' a
lready exists, duplicates ignored


pdfTeX warning: /home/user/Can-Optimizer-State-Repair-Recover-Plasticity-Withou
t-Relearning-Features/paper/.texlocal/root/usr/bin/pdflatex (file /home/user/Ca
n-Optimizer-State-Repair-Recover-Plasticity-Without-Relearning-Features/paper/.
texlocal/var/fonts/map/pdftex/updmap/pdftex.map): fontmap entry for `pcrr8r' al
ready exists, duplicates ignored


pdfTeX warning: /home/user/Can-Optimizer-State-Repair-Recover-Plasticity-Withou
t-Relearning-Features/paper/.texlocal/root/usr/bin/pdflatex (file /home/user/Ca
n-Optimizer-State-Repair-Recover-Plasticity-Without-Relearning-Features/paper/.
texlocal/var/fonts/map/pdftex/updmap/pdftex.map): fontmap entry for `pcrro8r' a
lready exists, duplicates ignored


pdfTeX warning: /home/user/Can-Optimizer-State-Repair-Recover-Plasticity-Withou
t-Relearning-Features/paper/.texlocal/root/usr/bin/pdflatex (file /home/user/Ca
n-Optimizer-State-Repair-Recover-Plasticity-Without-Relearning-Features/paper/.
texlocal/var/fonts/map/pdftex/updmap/pdftex.map): fontmap entry for `phvb8r' al
ready exists, duplicates ignored


pdfTeX warning: /home/user/Can-Optimizer-State-Repair-Recover-Plasticity-Withou
t-Relearning-Features/paper/.texlocal/root/usr/bin/pdflatex (file /home/user/Ca
n-Optimizer-State-Repair-Recover-Plasticity-Without-Relearning-Features/paper/.
texlocal/var/fonts/map/pdftex/updmap/pdftex.map): fontmap entry for `phvb8rn' a
lready exists, duplicates ignored


pdfTeX warning: /home/user/Can-Optimizer-State-Repair-Recover-Plasticity-Withou
t-Relearning-Features/paper/.texlocal/root/usr/bin/pdflatex (file /home/user/Ca
n-Optimizer-State-Repair-Recover-Plasticity-Without-Relearning-Features/paper/.
texlocal/var/fonts/map/pdftex/updmap/pdftex.map): fontmap entry for `phvbo8r' a
lready exists, duplicates ignored


pdfTeX warning: /home/user/Can-Optimizer-State-Repair-Recover-Plasticity-Withou
t-Relearning-Features/paper/.texlocal/root/usr/bin/pdflatex (file /home/user/Ca
n-Optimizer-State-Repair-Recover-Plasticity-Without-Relearning-Features/paper/.
texlocal/var/fonts/map/pdftex/updmap/pdftex.map): fontmap entry for `phvbo8rn' 
already exists, duplicates ignored


pdfTeX warning: /home/user/Can-Optimizer-State-Repair-Recover-Plasticity-Withou
t-Relearning-Features/paper/.texlocal/root/usr/bin/pdflatex (file /home/user/Ca
n-Optimizer-State-Repair-Recover-Plasticity-Without-Relearning-Features/paper/.
texlocal/var/fonts/map/pdftex/updmap/pdftex.map): fontmap entry for `phvr8r' al
ready exists, duplicates ignored


pdfTeX warning: /home/user/Can-Optimizer-State-Repair-Recover-Plasticity-Withou
t-Relearning-Features/paper/.texlocal/root/usr/bin/pdflatex (file /home/user/Ca
n-Optimizer-State-Repair-Recover-Plasticity-Without-Relearning-Features/paper/.
texlocal/var/fonts/map/pdftex/updmap/pdftex.map): fontmap entry for `phvr8rn' a
lready exists, duplicates ignored


pdfTeX warning: /home/user/Can-Optimizer-State-Repair-Recover-Plasticity-Withou
t-Relearning-Features/paper/.texlocal/root/usr/bin/pdflatex (file /home/user/Ca
n-Optimizer-State-Repair-Recover-Plasticity-Without-Relearning-Features/paper/.
texlocal/var/fonts/map/pdftex/updmap/pdftex.map): fontmap entry for `phvro8r' a
lready exists, duplicates ignored


pdfTeX warning: /home/user/Can-Optimizer-State-Repair-Recover-Plasticity-Withou
t-Relearning-Features/paper/.texlocal/root/usr/bin/pdflatex (file /home/user/Ca
n-Optimizer-State-Repair-Recover-Plasticity-Without-Relearning-Features/paper/.
texlocal/var/fonts/map/pdftex/updmap/pdftex.map): fontmap entry for `phvro8rn' 
already exists, duplicates ignored


pdfTeX warning: /home/user/Can-Optimizer-State-Repair-Recover-Plasticity-Withou
t-Relearning-Features/paper/.texlocal/root/usr/bin/pdflatex (file /home/user/Ca
n-Optimizer-State-Repair-Recover-Plasticity-Without-Relearning-Features/paper/.
texlocal/var/fonts/map/pdftex/updmap/pdftex.map): fontmap entry for `pncb8r' al
ready exists, duplicates ignored


pdfTeX warning: /home/user/Can-Optimizer-State-Repair-Recover-Plasticity-Withou
t-Relearning-Features/paper/.texlocal/root/usr/bin/pdflatex (file /home/user/Ca
n-Optimizer-State-Repair-Recover-Plasticity-Without-Relearning-Features/paper/.
texlocal/var/fonts/map/pdftex/updmap/pdftex.map): fontmap entry for `pncbi8r' a
lready exists, duplicates ignored


pdfTeX warning: /home/user/Can-Optimizer-State-Repair-Recover-Plasticity-Withou
t-Relearning-Features/paper/.texlocal/root/usr/bin/pdflatex (file /home/user/Ca
n-Optimizer-State-Repair-Recover-Plasticity-Without-Relearning-Features/paper/.
texlocal/var/fonts/map/pdftex/updmap/pdftex.map): invalid entry for `pncbo8r': 
SlantFont/ExtendFont can be used only with embedded Type1 fonts


pdfTeX warning: /home/user/Can-Optimizer-State-Repair-Recover-Plasticity-Withou
t-Relearning-Features/paper/.texlocal/root/usr/bin/pdflatex (file /home/user/Ca
n-Optimizer-State-Repair-Recover-Plasticity-Without-Relearning-Features/paper/.
texlocal/var/fonts/map/pdftex/updmap/pdftex.map): fontmap entry for `pncr8r' al
ready exists, duplicates ignored


pdfTeX warning: /home/user/Can-Optimizer-State-Repair-Recover-Plasticity-Withou
t-Relearning-Features/paper/.texlocal/root/usr/bin/pdflatex (file /home/user/Ca
n-Optimizer-State-Repair-Recover-Plasticity-Without-Relearning-Features/paper/.
texlocal/var/fonts/map/pdftex/updmap/pdftex.map): fontmap entry for `pncri8r' a
lready exists, duplicates ignored


pdfTeX warning: /home/user/Can-Optimizer-State-Repair-Recover-Plasticity-Withou
t-Relearning-Features/paper/.texlocal/root/usr/bin/pdflatex (file /home/user/Ca
n-Optimizer-State-Repair-Recover-Plasticity-Without-Relearning-Features/paper/.
texlocal/var/fonts/map/pdftex/updmap/pdftex.map): invalid entry for `pncro8r': 
SlantFont/ExtendFont can be used only with embedded Type1 fonts


pdfTeX warning: /home/user/Can-Optimizer-State-Repair-Recover-Plasticity-Withou
t-Relearning-Features/paper/.texlocal/root/usr/bin/pdflatex (file /home/user/Ca
n-Optimizer-State-Repair-Recover-Plasticity-Without-Relearning-Features/paper/.
texlocal/var/fonts/map/pdftex/updmap/pdftex.map): fontmap entry for `pplb8r' al
ready exists, duplicates ignored


pdfTeX warning: /home/user/Can-Optimizer-State-Repair-Recover-Plasticity-Withou
t-Relearning-Features/paper/.texlocal/root/usr/bin/pdflatex (file /home/user/Ca
n-Optimizer-State-Repair-Recover-Plasticity-Without-Relearning-Features/paper/.
texlocal/var/fonts/map/pdftex/updmap/pdftex.map): fontmap entry for `pplbi8r' a
lready exists, duplicates ignored


pdfTeX warning: /home/user/Can-Optimizer-State-Repair-Recover-Plasticity-Withou
t-Relearning-Features/paper/.texlocal/root/usr/bin/pdflatex (file /home/user/Ca
n-Optimizer-State-Repair-Recover-Plasticity-Without-Relearning-Features/paper/.
texlocal/var/fonts/map/pdftex/updmap/pdftex.map): invalid entry for `pplbo8r': 
SlantFont/ExtendFont can be used only with embedded Type1 fonts


pdfTeX warning: /home/user/Can-Optimizer-State-Repair-Recover-Plasticity-Withou
t-Relearning-Features/paper/.texlocal/root/usr/bin/pdflatex (file /home/user/Ca
n-Optimizer-State-Repair-Recover-Plasticity-Without-Relearning-Features/paper/.
texlocal/var/fonts/map/pdftex/updmap/pdftex.map): fontmap entry for `pplr8r' al
ready exists, duplicates ignored


pdfTeX warning: /home/user/Can-Optimizer-State-Repair-Recover-Plasticity-Withou
t-Relearning-Features/paper/.texlocal/root/usr/bin/pdflatex (file /home/user/Ca
n-Optimizer-State-Repair-Recover-Plasticity-Without-Relearning-Features/paper/.
texlocal/var/fonts/map/pdftex/updmap/pdftex.map): fontmap entry for `pplri8r' a
lready exists, duplicates ignored


pdfTeX warning: /home/user/Can-Optimizer-State-Repair-Recover-Plasticity-Withou
t-Relearning-Features/paper/.texlocal/root/usr/bin/pdflatex (file /home/user/Ca
n-Optimizer-State-Repair-Recover-Plasticity-Without-Relearning-Features/paper/.
texlocal/var/fonts/map/pdftex/updmap/pdftex.map): invalid entry for `pplro8r': 
SlantFont/ExtendFont can be used only with embedded Type1 fonts


pdfTeX warning: /home/user/Can-Optimizer-State-Repair-Recover-Plasticity-Withou
t-Relearning-Features/paper/.texlocal/root/usr/bin/pdflatex (file /home/user/Ca
n-Optimizer-State-Repair-Recover-Plasticity-Without-Relearning-Features/paper/.
texlocal/var/fonts/map/pdftex/updmap/pdftex.map): fontmap entry for `psyr' alre
ady exists, duplicates ignored


pdfTeX warning: /home/user/Can-Optimizer-State-Repair-Recover-Plasticity-Withou
t-Relearning-Features/paper/.texlocal/root/usr/bin/pdflatex (file /home/user/Ca
n-Optimizer-State-Repair-Recover-Plasticity-Without-Relearning-Features/paper/.
texlocal/var/fonts/map/pdftex/updmap/pdftex.map): invalid entry for `psyro': Sl
antFont/ExtendFont can be used only with embedded Type1 fonts


pdfTeX warning: /home/user/Can-Optimizer-State-Repair-Recover-Plasticity-Withou
t-Relearning-Features/paper/.texlocal/root/usr/bin/pdflatex (file /home/user/Ca
n-Optimizer-State-Repair-Recover-Plasticity-Without-Relearning-Features/paper/.
texlocal/var/fonts/map/pdftex/updmap/pdftex.map): fontmap entry for `ptmb8r' al
ready exists, duplicates ignored


pdfTeX warning: /home/user/Can-Optimizer-State-Repair-Recover-Plasticity-Withou
t-Relearning-Features/paper/.texlocal/root/usr/bin/pdflatex (file /home/user/Ca
n-Optimizer-State-Repair-Recover-Plasticity-Without-Relearning-Features/paper/.
texlocal/var/fonts/map/pdftex/updmap/pdftex.map): fontmap entry for `ptmbi8r' a
lready exists, duplicates ignored


pdfTeX warning: /home/user/Can-Optimizer-State-Repair-Recover-Plasticity-Withou
t-Relearning-Features/paper/.texlocal/root/usr/bin/pdflatex (file /home/user/Ca
n-Optimizer-State-Repair-Recover-Plasticity-Without-Relearning-Features/paper/.
texlocal/var/fonts/map/pdftex/updmap/pdftex.map): invalid entry for `ptmbo8r': 
SlantFont/ExtendFont can be used only with embedded Type1 fonts


pdfTeX warning: /home/user/Can-Optimizer-State-Repair-Recover-Plasticity-Withou
t-Relearning-Features/paper/.texlocal/root/usr/bin/pdflatex (file /home/user/Ca
n-Optimizer-State-Repair-Recover-Plasticity-Without-Relearning-Features/paper/.
texlocal/var/fonts/map/pdftex/updmap/pdftex.map): fontmap entry for `ptmr8r' al
ready exists, duplicates ignored


pdfTeX warning: /home/user/Can-Optimizer-State-Repair-Recover-Plasticity-Withou
t-Relearning-Features/paper/.texlocal/root/usr/bin/pdflatex (file /home/user/Ca
n-Optimizer-State-Repair-Recover-Plasticity-Without-Relearning-Features/paper/.
texlocal/var/fonts/map/pdftex/updmap/pdftex.map): fontmap entry for `ptmri8r' a
lready exists, duplicates ignored


pdfTeX warning: /home/user/Can-Optimizer-State-Repair-Recover-Plasticity-Withou
t-Relearning-Features/paper/.texlocal/root/usr/bin/pdflatex (file /home/user/Ca
n-Optimizer-State-Repair-Recover-Plasticity-Without-Relearning-Features/paper/.
texlocal/var/fonts/map/pdftex/updmap/pdftex.map): invalid entry for `ptmro8r': 
SlantFont/ExtendFont can be used only with embedded Type1 fonts


pdfTeX warning: /home/user/Can-Optimizer-State-Repair-Recover-Plasticity-Withou
t-Relearning-Features/paper/.texlocal/root/usr/bin/pdflatex (file /home/user/Ca
n-Optimizer-State-Repair-Recover-Plasticity-Without-Relearning-Features/paper/.
texlocal/var/fonts/map/pdftex/updmap/pdftex.map): fontmap entry for `pzcmi8r' a
lready exists, duplicates ignored


pdfTeX warning: /home/user/Can-Optimizer-State-Repair-Recover-Plasticity-Withou
t-Relearning-Features/paper/.texlocal/root/usr/bin/pdflatex (file /home/user/Ca
n-Optimizer-State-Repair-Recover-Plasticity-Without-Relearning-Features/paper/.
texlocal/var/fonts/map/pdftex/updmap/pdftex.map): fontmap entry for `pzdr' alre
ady exists, duplicates ignored
}{/home/user/Can-Optimizer-State-Repair-Recover-Plasticity-Without-Relearning-F
eatures/paper/.texlocal/root/usr/share/texlive/texmf-dist/fonts/enc/dvips/base/
8r.enc}]
(/home/user/Can-Optimizer-State-Repair-Recover-Plasticity-Without-Relearning-Fe
atures/paper/.texlocal/root/usr/share/texlive/texmf-dist/tex/latex/psnfss/ts1pt
m.fd)) (./sections/related.tex

Package natbib Warning: Citation `dohare2024loss' on page 2 undefined on input 
line 5.


Package natbib Warning: Citation `lyle2023understanding' on page 2 undefined on
 input line 7.


Package natbib Warning: Citation `lyle2024disentangling' on page 2 undefined on
 input line 9.


Package natbib Warning: Citation `wang2026predicting' on page 2 undefined on in
put line 10.


Package natbib Warning: Citation `kumar2024maintaining' on page 2 undefined on 
input line 12.


Package natbib Warning: Citation `galashov2024nonstationary' on page 2 undefine
d on input line 13.


Package natbib Warning: Citation `lee2024slow' on page 2 undefined on input lin
e 13.


Package natbib Warning: Citation `klein2024plasticity' on page 2 undefined on i
nput line 14.


Package natbib Warning: Citation `lyle2023understanding' on page 2 undefined on
 input line 17.


Package natbib Warning: Citation `dohare2024loss' on page 2 undefined on input 
line 20.


Package natbib Warning: Citation `lyle2024disentangling' on page 2 undefined on
 input line 20.


Package natbib Warning: Citation `asadi2023resetting' on page 2 undefined on in
put line 22.


Package natbib Warning: Citation `ellis2024adam' on page 2 undefined on input l
ine 23.


Package natbib Warning: Citation `kang2024continual' on page 2 undefined on inp
ut line 26.


Package natbib Warning: Citation `hernandezgarcia2026scale' on page 2 undefined
 on input line 27.


Package natbib Warning: Citation `sahu2026adapt' on page 2 undefined on input l
ine 28.

) (./sections/setting.tex [2]

Package natbib Warning: Citation `ellis2024adam' on page 3 undefined on input l
ine 45.

) (./sections/analysis.tex

Package natbib Warning: Citation `kingma2015adam' on page 3 undefined on input 
line 5.

[3]

Package natbib Warning: Citation `kingma2015adam' on page 4 undefined on input 
line 17.


Package natbib Warning: Citation `kingma2015adam' on page 4 undefined on input 
line 75.

) (./sections/results.tex [4] (./tables/tab_phenomenon.tex)
(./tables/tab_interventions.tex) [5]) (./sections/discussion.tex [6])
(./sections/conclusion.tex) (./sections/statements.tex) (./main.bbl [7])
(./appendix.tex [8] (./tables/tab_tuning.tex) [9] (./tables/tab_descriptive.tex
))

Package natbib Warning: There were undefined citations.

[10] (./main.aux

Package natbib Warning: Citation(s) may have changed.
(natbib)                Rerun to get citations correct.

)

LaTeX Warning: Label(s) may have changed. Rerun to get cross-references right.

 )
(see the transcript file for additional information)</home/user/Can-Optimizer-S
tate-Repair-Recover-Plasticity-Without-Relearning-Features/paper/.texlocal/root
/usr/share/texlive/texmf-dist/fonts/type1/public/amsfonts/cm/cmex10.pfb></home/
user/Can-Optimizer-State-Repair-Recover-Plasticity-Without-Relearning-Features/
paper/.texlocal/root/usr/share/texlive/texmf-dist/fonts/type1/public/amsfonts/c
m/cmmi10.pfb></home/user/Can-Optimizer-State-Repair-Recover-Plasticity-Without-
Relearning-Features/paper/.texlocal/root/usr/share/texlive/texmf-dist/fonts/typ
e1/public/amsfonts/cm/cmmi12.pfb></home/user/Can-Optimizer-State-Repair-Recover
-Plasticity-Without-Relearning-Features/paper/.texlocal/root/usr/share/texlive/
texmf-dist/fonts/type1/public/amsfonts/cm/cmmi5.pfb></home/user/Can-Optimizer-S
tate-Repair-Recover-Plasticity-Without-Relearning-Features/paper/.texlocal/root
/usr/share/texlive/texmf-dist/fonts/type1/public/amsfonts/cm/cmmi7.pfb></home/u
ser/Can-Optimizer-State-Repair-Recover-Plasticity-Without-Relearning-Features/p
aper/.texlocal/root/usr/share/texlive/texmf-dist/fonts/type1/public/amsfonts/cm
/cmmi9.pfb></home/user/Can-Optimizer-State-Repair-Recover-Plasticity-Without-Re
learning-Features/paper/.texlocal/root/usr/share/texlive/texmf-dist/fonts/type1
/public/amsfonts/cm/cmr10.pfb></home/user/Can-Optimizer-State-Repair-Recover-Pl
asticity-Without-Relearning-Features/paper/.texlocal/root/usr/share/texlive/tex
mf-dist/fonts/type1/public/amsfonts/cm/cmr12.pfb></home/user/Can-Optimizer-Stat
e-Repair-Recover-Plasticity-Without-Relearning-Features/paper/.texlocal/root/us
r/share/texlive/texmf-dist/fonts/type1/public/amsfonts/cm/cmr5.pfb></home/user/
Can-Optimizer-State-Repair-Recover-Plasticity-Without-Relearning-Features/paper
/.texlocal/root/usr/share/texlive/texmf-dist/fonts/type1/public/amsfonts/cm/cmr
7.pfb></home/user/Can-Optimizer-State-Repair-Recover-Plasticity-Without-Relearn
ing-Features/paper/.texlocal/root/usr/share/texlive/texmf-dist/fonts/type1/publ
ic/amsfonts/cm/cmr9.pfb></home/user/Can-Optimizer-State-Repair-Recover-Plastici
ty-Without-Relearning-Features/paper/.texlocal/root/usr/share/texlive/texmf-dis
t/fonts/type1/public/amsfonts/cm/cmsy10.pfb></home/user/Can-Optimizer-State-Rep
air-Recover-Plasticity-Without-Relearning-Features/paper/.texlocal/root/usr/sha
re/texlive/texmf-dist/fonts/type1/public/amsfonts/cm/cmsy5.pfb></home/user/Can-
Optimizer-State-Repair-Recover-Plasticity-Without-Relearning-Features/paper/.te
xlocal/root/usr/share/texlive/texmf-dist/fonts/type1/public/amsfonts/cm/cmsy7.p
fb></home/user/Can-Optimizer-State-Repair-Recover-Plasticity-Without-Relearning
-Features/paper/.texlocal/root/usr/share/texlive/texmf-dist/fonts/type1/public/
amsfonts/cm/cmsy9.pfb></home/user/Can-Optimizer-State-Repair-Recover-Plasticity
-Without-Relearning-Features/paper/.texlocal/root/usr/share/texlive/texmf-dist/
fonts/type1/public/amsfonts/symbols/msam10.pfb></home/user/Can-Optimizer-State-
Repair-Recover-Plasticity-Without-Relearning-Features/paper/.texlocal/root/usr/
share/texlive/texmf-dist/fonts/type1/urw/courier/ucrr8a.pfb></home/user/Can-Opt
imizer-State-Repair-Recover-Plasticity-Without-Relearning-Features/paper/.texlo
cal/root/usr/share/texlive/texmf-dist/fonts/type1/urw/courier/ucrro8a.pfb></hom
e/user/Can-Optimizer-State-Repair-Recover-Plasticity-Without-Relearning-Feature
s/paper/.texlocal/root/usr/share/texlive/texmf-dist/fonts/type1/urw/helvetic/uh
vb8a.pfb></home/user/Can-Optimizer-State-Repair-Recover-Plasticity-Without-Rele
arning-Features/paper/.texlocal/root/usr/share/texlive/texmf-dist/fonts/type1/u
rw/times/utmb8a.pfb></home/user/Can-Optimizer-State-Repair-Recover-Plasticity-W
ithout-Relearning-Features/paper/.texlocal/root/usr/share/texlive/texmf-dist/fo
nts/type1/urw/times/utmr8a.pfb></home/user/Can-Optimizer-State-Repair-Recover-P
lasticity-Without-Relearning-Features/paper/.texlocal/root/usr/share/texlive/te
xmf-dist/fonts/type1/urw/times/utmri8a.pfb>
Output written on main.pdf (10 pages, 282817 bytes).
Transcript written on main.log.
+ /home/user/Can-Optimizer-State-Repair-Recover-Plasticity-Without-Relearning-Features/paper/.texlocal/root/usr/bin/pdflatex -interaction=nonstopmode -halt-on-error main.tex
This is pdfTeX, Version 3.141592653-2.6-1.40.25 (TeX Live 2023/Debian) (preloaded format=pdflatex)
 restricted \write18 enabled.
entering extended mode
(./main.tex
LaTeX2e <2023-11-01> patch level 1
L3 programming layer <2024-01-22>

(/home/user/Can-Optimizer-State-Repair-Recover-Plasticity-Without-Relearning-Fe
atures/paper/.texlocal/root/usr/share/texlive/texmf-dist/tex/latex/base/article
.cls
Document Class: article 2023/05/17 v1.4n Standard LaTeX document class

(/home/user/Can-Optimizer-State-Repair-Recover-Plasticity-Without-Relearning-Fe
atures/paper/.texlocal/root/usr/share/texlive/texmf-dist/tex/latex/base/size10.
clo))
(/home/user/Can-Optimizer-State-Repair-Recover-Plasticity-Without-Relearning-Fe
atures/paper/iclr_style_official/iclr2027/iclr2027_conference.sty
(/home/user/Can-Optimizer-State-Repair-Recover-Plasticity-Without-Relearning-Fe
atures/paper/.texlocal/root/usr/share/texlive/texmf-dist/tex/latex/eso-pic/eso-
pic.sty
(/home/user/Can-Optimizer-State-Repair-Recover-Plasticity-Without-Relearning-Fe
atures/paper/.texlocal/root/usr/share/texlive/texmf-dist/tex/latex/graphics/key
val.sty)
(/home/user/Can-Optimizer-State-Repair-Recover-Plasticity-Without-Relearning-Fe
atures/paper/.texlocal/root/usr/share/texlive/texmf-dist/tex/latex/xcolor/xcolo
r.sty
(/home/user/Can-Optimizer-State-Repair-Recover-Plasticity-Without-Relearning-Fe
atures/paper/.texlocal/root/usr/share/texlive/texmf-dist/tex/latex/graphics-cfg
/color.cfg)
(/home/user/Can-Optimizer-State-Repair-Recover-Plasticity-Without-Relearning-Fe
atures/paper/.texlocal/root/usr/share/texlive/texmf-dist/tex/latex/graphics-def
/pdftex.def)
(/home/user/Can-Optimizer-State-Repair-Recover-Plasticity-Without-Relearning-Fe
atures/paper/.texlocal/root/usr/share/texlive/texmf-dist/tex/latex/graphics/mat
hcolor.ltx)))
(/home/user/Can-Optimizer-State-Repair-Recover-Plasticity-Without-Relearning-Fe
atures/paper/iclr_style_official/iclr2027/fancyhdr.sty)
(/home/user/Can-Optimizer-State-Repair-Recover-Plasticity-Without-Relearning-Fe
atures/paper/iclr_style_official/iclr2027/natbib.sty))
(/home/user/Can-Optimizer-State-Repair-Recover-Plasticity-Without-Relearning-Fe
atures/paper/.texlocal/root/usr/share/texlive/texmf-dist/tex/latex/psnfss/times
.sty)
(/home/user/Can-Optimizer-State-Repair-Recover-Plasticity-Without-Relearning-Fe
atures/paper/iclr_style_official/iclr2027/math_commands.tex
(/home/user/Can-Optimizer-State-Repair-Recover-Plasticity-Without-Relearning-Fe
atures/paper/.texlocal/root/usr/share/texlive/texmf-dist/tex/latex/amsmath/amsm
ath.sty
For additional information on amsmath, use the `?' option.

(/home/user/Can-Optimizer-State-Repair-Recover-Plasticity-Without-Relearning-Fe
atures/paper/.texlocal/root/usr/share/texlive/texmf-dist/tex/latex/amsmath/amst
ext.sty
(/home/user/Can-Optimizer-State-Repair-Recover-Plasticity-Without-Relearning-Fe
atures/paper/.texlocal/root/usr/share/texlive/texmf-dist/tex/latex/amsmath/amsg
en.sty))
(/home/user/Can-Optimizer-State-Repair-Recover-Plasticity-Without-Relearning-Fe
atures/paper/.texlocal/root/usr/share/texlive/texmf-dist/tex/latex/amsmath/amsb
sy.sty)
(/home/user/Can-Optimizer-State-Repair-Recover-Plasticity-Without-Relearning-Fe
atures/paper/.texlocal/root/usr/share/texlive/texmf-dist/tex/latex/amsmath/amso
pn.sty))
(/home/user/Can-Optimizer-State-Repair-Recover-Plasticity-Without-Relearning-Fe
atures/paper/.texlocal/root/usr/share/texlive/texmf-dist/tex/latex/amsfonts/ams
fonts.sty)
(/home/user/Can-Optimizer-State-Repair-Recover-Plasticity-Without-Relearning-Fe
atures/paper/.texlocal/root/usr/share/texlive/texmf-dist/tex/latex/tools/bm.sty
))
(/home/user/Can-Optimizer-State-Repair-Recover-Plasticity-Without-Relearning-Fe
atures/paper/.texlocal/root/usr/share/texlive/texmf-dist/tex/latex/hyperref/hyp
erref.sty
(/home/user/Can-Optimizer-State-Repair-Recover-Plasticity-Without-Relearning-Fe
atures/paper/.texlocal/root/usr/share/texlive/texmf-dist/tex/generic/iftex/ifte
x.sty)
(/home/user/Can-Optimizer-State-Repair-Recover-Plasticity-Without-Relearning-Fe
atures/paper/.texlocal/root/usr/share/texlive/texmf-dist/tex/latex/kvsetkeys/kv
setkeys.sty)
(/home/user/Can-Optimizer-State-Repair-Recover-Plasticity-Without-Relearning-Fe
atures/paper/.texlocal/root/usr/share/texlive/texmf-dist/tex/generic/kvdefineke
ys/kvdefinekeys.sty)
(/home/user/Can-Optimizer-State-Repair-Recover-Plasticity-Without-Relearning-Fe
atures/paper/.texlocal/root/usr/share/texlive/texmf-dist/tex/generic/pdfescape/
pdfescape.sty
(/home/user/Can-Optimizer-State-Repair-Recover-Plasticity-Without-Relearning-Fe
atures/paper/.texlocal/root/usr/share/texlive/texmf-dist/tex/generic/ltxcmds/lt
xcmds.sty)
(/home/user/Can-Optimizer-State-Repair-Recover-Plasticity-Without-Relearning-Fe
atures/paper/.texlocal/root/usr/share/texlive/texmf-dist/tex/generic/pdftexcmds
/pdftexcmds.sty
(/home/user/Can-Optimizer-State-Repair-Recover-Plasticity-Without-Relearning-Fe
atures/paper/.texlocal/root/usr/share/texlive/texmf-dist/tex/generic/infwarerr/
infwarerr.sty)))
(/home/user/Can-Optimizer-State-Repair-Recover-Plasticity-Without-Relearning-Fe
atures/paper/.texlocal/root/usr/share/texlive/texmf-dist/tex/latex/hycolor/hyco
lor.sty)
(/home/user/Can-Optimizer-State-Repair-Recover-Plasticity-Without-Relearning-Fe
atures/paper/.texlocal/root/usr/share/texlive/texmf-dist/tex/latex/auxhook/auxh
ook.sty)
(/home/user/Can-Optimizer-State-Repair-Recover-Plasticity-Without-Relearning-Fe
atures/paper/.texlocal/root/usr/share/texlive/texmf-dist/tex/latex/hyperref/nam
eref.sty
(/home/user/Can-Optimizer-State-Repair-Recover-Plasticity-Without-Relearning-Fe
atures/paper/.texlocal/root/usr/share/texlive/texmf-dist/tex/latex/refcount/ref
count.sty)
(/home/user/Can-Optimizer-State-Repair-Recover-Plasticity-Without-Relearning-Fe
atures/paper/.texlocal/root/usr/share/texlive/texmf-dist/tex/generic/gettitlest
ring/gettitlestring.sty
(/home/user/Can-Optimizer-State-Repair-Recover-Plasticity-Without-Relearning-Fe
atures/paper/.texlocal/root/usr/share/texlive/texmf-dist/tex/latex/kvoptions/kv
options.sty)))
(/home/user/Can-Optimizer-State-Repair-Recover-Plasticity-Without-Relearning-Fe
atures/paper/.texlocal/root/usr/share/texlive/texmf-dist/tex/latex/etoolbox/eto
olbox.sty)
(/home/user/Can-Optimizer-State-Repair-Recover-Plasticity-Without-Relearning-Fe
atures/paper/.texlocal/root/usr/share/texlive/texmf-dist/tex/latex/hyperref/pd1
enc.def)
(/home/user/Can-Optimizer-State-Repair-Recover-Plasticity-Without-Relearning-Fe
atures/paper/.texlocal/root/usr/share/texlive/texmf-dist/tex/generic/intcalc/in
tcalc.sty)
(/home/user/Can-Optimizer-State-Repair-Recover-Plasticity-Without-Relearning-Fe
atures/paper/.texlocal/root/usr/share/texlive/texmf-dist/tex/latex/hyperref/pue
nc.def)
(/home/user/Can-Optimizer-State-Repair-Recover-Plasticity-Without-Relearning-Fe
atures/paper/.texlocal/root/usr/share/texlive/texmf-dist/tex/latex/url/url.sty)

(/home/user/Can-Optimizer-State-Repair-Recover-Plasticity-Without-Relearning-Fe
atures/paper/.texlocal/root/usr/share/texlive/texmf-dist/tex/generic/bitset/bit
set.sty
(/home/user/Can-Optimizer-State-Repair-Recover-Plasticity-Without-Relearning-Fe
atures/paper/.texlocal/root/usr/share/texlive/texmf-dist/tex/generic/bigintcalc
/bigintcalc.sty))
(/home/user/Can-Optimizer-State-Repair-Recover-Plasticity-Without-Relearning-Fe
atures/paper/.texlocal/root/usr/share/texlive/texmf-dist/tex/latex/base/atbegsh
i-ltx.sty))
(/home/user/Can-Optimizer-State-Repair-Recover-Plasticity-Without-Relearning-Fe
atures/paper/.texlocal/root/usr/share/texlive/texmf-dist/tex/latex/hyperref/hpd
ftex.def
(/home/user/Can-Optimizer-State-Repair-Recover-Plasticity-Without-Relearning-Fe
atures/paper/.texlocal/root/usr/share/texlive/texmf-dist/tex/latex/base/atverye
nd-ltx.sty)
(/home/user/Can-Optimizer-State-Repair-Recover-Plasticity-Without-Relearning-Fe
atures/paper/.texlocal/root/usr/share/texlive/texmf-dist/tex/latex/rerunfileche
ck/rerunfilecheck.sty
(/home/user/Can-Optimizer-State-Repair-Recover-Plasticity-Without-Relearning-Fe
atures/paper/.texlocal/root/usr/share/texlive/texmf-dist/tex/generic/uniquecoun
ter/uniquecounter.sty)))
(/home/user/Can-Optimizer-State-Repair-Recover-Plasticity-Without-Relearning-Fe
atures/paper/.texlocal/root/usr/share/texlive/texmf-dist/tex/latex/booktabs/boo
ktabs.sty)
(/home/user/Can-Optimizer-State-Repair-Recover-Plasticity-Without-Relearning-Fe
atures/paper/.texlocal/root/usr/share/texlive/texmf-dist/tex/latex/amsfonts/ams
symb.sty)
(/home/user/Can-Optimizer-State-Repair-Recover-Plasticity-Without-Relearning-Fe
atures/paper/.texlocal/root/usr/share/texlive/texmf-dist/tex/latex/pgfplots/pgf
plots.sty
(/home/user/Can-Optimizer-State-Repair-Recover-Plasticity-Without-Relearning-Fe
atures/paper/.texlocal/root/usr/share/texlive/texmf-dist/tex/generic/pgfplots/p
gfplots.revision.tex)
(/home/user/Can-Optimizer-State-Repair-Recover-Plasticity-Without-Relearning-Fe
atures/paper/.texlocal/root/usr/share/texlive/texmf-dist/tex/latex/graphics/gra
phicx.sty
(/home/user/Can-Optimizer-State-Repair-Recover-Plasticity-Without-Relearning-Fe
atures/paper/.texlocal/root/usr/share/texlive/texmf-dist/tex/latex/graphics/gra
phics.sty
(/home/user/Can-Optimizer-State-Repair-Recover-Plasticity-Without-Relearning-Fe
atures/paper/.texlocal/root/usr/share/texlive/texmf-dist/tex/latex/graphics/tri
g.sty)
(/home/user/Can-Optimizer-State-Repair-Recover-Plasticity-Without-Relearning-Fe
atures/paper/.texlocal/root/usr/share/texlive/texmf-dist/tex/latex/graphics-cfg
/graphics.cfg)))
(/home/user/Can-Optimizer-State-Repair-Recover-Plasticity-Without-Relearning-Fe
atures/paper/.texlocal/root/usr/share/texlive/texmf-dist/tex/latex/pgf/frontend
layer/tikz.sty
(/home/user/Can-Optimizer-State-Repair-Recover-Plasticity-Without-Relearning-Fe
atures/paper/.texlocal/root/usr/share/texlive/texmf-dist/tex/latex/pgf/basiclay
er/pgf.sty
(/home/user/Can-Optimizer-State-Repair-Recover-Plasticity-Without-Relearning-Fe
atures/paper/.texlocal/root/usr/share/texlive/texmf-dist/tex/latex/pgf/utilitie
s/pgfrcs.sty
(/home/user/Can-Optimizer-State-Repair-Recover-Plasticity-Without-Relearning-Fe
atures/paper/.texlocal/root/usr/share/texlive/texmf-dist/tex/generic/pgf/utilit
ies/pgfutil-common.tex)
(/home/user/Can-Optimizer-State-Repair-Recover-Plasticity-Without-Relearning-Fe
atures/paper/.texlocal/root/usr/share/texlive/texmf-dist/tex/generic/pgf/utilit
ies/pgfutil-latex.def)
(/home/user/Can-Optimizer-State-Repair-Recover-Plasticity-Without-Relearning-Fe
atures/paper/.texlocal/root/usr/share/texlive/texmf-dist/tex/generic/pgf/utilit
ies/pgfrcs.code.tex
(/home/user/Can-Optimizer-State-Repair-Recover-Plasticity-Without-Relearning-Fe
atures/paper/.texlocal/root/usr/share/texlive/texmf-dist/tex/generic/pgf/pgf.re
vision.tex)))
(/home/user/Can-Optimizer-State-Repair-Recover-Plasticity-Without-Relearning-Fe
atures/paper/.texlocal/root/usr/share/texlive/texmf-dist/tex/latex/pgf/basiclay
er/pgfcore.sty
(/home/user/Can-Optimizer-State-Repair-Recover-Plasticity-Without-Relearning-Fe
atures/paper/.texlocal/root/usr/share/texlive/texmf-dist/tex/latex/pgf/systemla
yer/pgfsys.sty
(/home/user/Can-Optimizer-State-Repair-Recover-Plasticity-Without-Relearning-Fe
atures/paper/.texlocal/root/usr/share/texlive/texmf-dist/tex/generic/pgf/system
layer/pgfsys.code.tex
(/home/user/Can-Optimizer-State-Repair-Recover-Plasticity-Without-Relearning-Fe
atures/paper/.texlocal/root/usr/share/texlive/texmf-dist/tex/generic/pgf/utilit
ies/pgfkeys.code.tex
(/home/user/Can-Optimizer-State-Repair-Recover-Plasticity-Without-Relearning-Fe
atures/paper/.texlocal/root/usr/share/texlive/texmf-dist/tex/generic/pgf/utilit
ies/pgfkeyslibraryfiltered.code.tex))
(/home/user/Can-Optimizer-State-Repair-Recover-Plasticity-Without-Relearning-Fe
atures/paper/.texlocal/root/usr/share/texlive/texmf-dist/tex/generic/pgf/system
layer/pgf.cfg)
(/home/user/Can-Optimizer-State-Repair-Recover-Plasticity-Without-Relearning-Fe
atures/paper/.texlocal/root/usr/share/texlive/texmf-dist/tex/generic/pgf/system
layer/pgfsys-pdftex.def
(/home/user/Can-Optimizer-State-Repair-Recover-Plasticity-Without-Relearning-Fe
atures/paper/.texlocal/root/usr/share/texlive/texmf-dist/tex/generic/pgf/system
layer/pgfsys-common-pdf.def)))
(/home/user/Can-Optimizer-State-Repair-Recover-Plasticity-Without-Relearning-Fe
atures/paper/.texlocal/root/usr/share/texlive/texmf-dist/tex/generic/pgf/system
layer/pgfsyssoftpath.code.tex)
(/home/user/Can-Optimizer-State-Repair-Recover-Plasticity-Without-Relearning-Fe
atures/paper/.texlocal/root/usr/share/texlive/texmf-dist/tex/generic/pgf/system
layer/pgfsysprotocol.code.tex))
(/home/user/Can-Optimizer-State-Repair-Recover-Plasticity-Without-Relearning-Fe
atures/paper/.texlocal/root/usr/share/texlive/texmf-dist/tex/generic/pgf/basicl
ayer/pgfcore.code.tex
(/home/user/Can-Optimizer-State-Repair-Recover-Plasticity-Without-Relearning-Fe
atures/paper/.texlocal/root/usr/share/texlive/texmf-dist/tex/generic/pgf/math/p
gfmath.code.tex
(/home/user/Can-Optimizer-State-Repair-Recover-Plasticity-Without-Relearning-Fe
atures/paper/.texlocal/root/usr/share/texlive/texmf-dist/tex/generic/pgf/math/p
gfmathutil.code.tex)
(/home/user/Can-Optimizer-State-Repair-Recover-Plasticity-Without-Relearning-Fe
atures/paper/.texlocal/root/usr/share/texlive/texmf-dist/tex/generic/pgf/math/p
gfmathparser.code.tex)
(/home/user/Can-Optimizer-State-Repair-Recover-Plasticity-Without-Relearning-Fe
atures/paper/.texlocal/root/usr/share/texlive/texmf-dist/tex/generic/pgf/math/p
gfmathfunctions.code.tex)
(/home/user/Can-Optimizer-State-Repair-Recover-Plasticity-Without-Relearning-Fe
atures/paper/.texlocal/root/usr/share/texlive/texmf-dist/tex/generic/pgf/math/p
gfmathfunctions.basic.code.tex)
(/home/user/Can-Optimizer-State-Repair-Recover-Plasticity-Without-Relearning-Fe
atures/paper/.texlocal/root/usr/share/texlive/texmf-dist/tex/generic/pgf/math/p
gfmathfunctions.trigonometric.code.tex)
(/home/user/Can-Optimizer-State-Repair-Recover-Plasticity-Without-Relearning-Fe
atures/paper/.texlocal/root/usr/share/texlive/texmf-dist/tex/generic/pgf/math/p
gfmathfunctions.random.code.tex)
(/home/user/Can-Optimizer-State-Repair-Recover-Plasticity-Without-Relearning-Fe
atures/paper/.texlocal/root/usr/share/texlive/texmf-dist/tex/generic/pgf/math/p
gfmathfunctions.comparison.code.tex)
(/home/user/Can-Optimizer-State-Repair-Recover-Plasticity-Without-Relearning-Fe
atures/paper/.texlocal/root/usr/share/texlive/texmf-dist/tex/generic/pgf/math/p
gfmathfunctions.base.code.tex)
(/home/user/Can-Optimizer-State-Repair-Recover-Plasticity-Without-Relearning-Fe
atures/paper/.texlocal/root/usr/share/texlive/texmf-dist/tex/generic/pgf/math/p
gfmathfunctions.round.code.tex)
(/home/user/Can-Optimizer-State-Repair-Recover-Plasticity-Without-Relearning-Fe
atures/paper/.texlocal/root/usr/share/texlive/texmf-dist/tex/generic/pgf/math/p
gfmathfunctions.misc.code.tex)
(/home/user/Can-Optimizer-State-Repair-Recover-Plasticity-Without-Relearning-Fe
atures/paper/.texlocal/root/usr/share/texlive/texmf-dist/tex/generic/pgf/math/p
gfmathfunctions.integerarithmetics.code.tex)
(/home/user/Can-Optimizer-State-Repair-Recover-Plasticity-Without-Relearning-Fe
atures/paper/.texlocal/root/usr/share/texlive/texmf-dist/tex/generic/pgf/math/p
gfmathcalc.code.tex)
(/home/user/Can-Optimizer-State-Repair-Recover-Plasticity-Without-Relearning-Fe
atures/paper/.texlocal/root/usr/share/texlive/texmf-dist/tex/generic/pgf/math/p
gfmathfloat.code.tex))
(/home/user/Can-Optimizer-State-Repair-Recover-Plasticity-Without-Relearning-Fe
atures/paper/.texlocal/root/usr/share/texlive/texmf-dist/tex/generic/pgf/math/p
gfint.code.tex)
(/home/user/Can-Optimizer-State-Repair-Recover-Plasticity-Without-Relearning-Fe
atures/paper/.texlocal/root/usr/share/texlive/texmf-dist/tex/generic/pgf/basicl
ayer/pgfcorepoints.code.tex)
(/home/user/Can-Optimizer-State-Repair-Recover-Plasticity-Without-Relearning-Fe
atures/paper/.texlocal/root/usr/share/texlive/texmf-dist/tex/generic/pgf/basicl
ayer/pgfcorepathconstruct.code.tex)
(/home/user/Can-Optimizer-State-Repair-Recover-Plasticity-Without-Relearning-Fe
atures/paper/.texlocal/root/usr/share/texlive/texmf-dist/tex/generic/pgf/basicl
ayer/pgfcorepathusage.code.tex)
(/home/user/Can-Optimizer-State-Repair-Recover-Plasticity-Without-Relearning-Fe
atures/paper/.texlocal/root/usr/share/texlive/texmf-dist/tex/generic/pgf/basicl
ayer/pgfcorescopes.code.tex)
(/home/user/Can-Optimizer-State-Repair-Recover-Plasticity-Without-Relearning-Fe
atures/paper/.texlocal/root/usr/share/texlive/texmf-dist/tex/generic/pgf/basicl
ayer/pgfcoregraphicstate.code.tex)
(/home/user/Can-Optimizer-State-Repair-Recover-Plasticity-Without-Relearning-Fe
atures/paper/.texlocal/root/usr/share/texlive/texmf-dist/tex/generic/pgf/basicl
ayer/pgfcoretransformations.code.tex)
(/home/user/Can-Optimizer-State-Repair-Recover-Plasticity-Without-Relearning-Fe
atures/paper/.texlocal/root/usr/share/texlive/texmf-dist/tex/generic/pgf/basicl
ayer/pgfcorequick.code.tex)
(/home/user/Can-Optimizer-State-Repair-Recover-Plasticity-Without-Relearning-Fe
atures/paper/.texlocal/root/usr/share/texlive/texmf-dist/tex/generic/pgf/basicl
ayer/pgfcoreobjects.code.tex)
(/home/user/Can-Optimizer-State-Repair-Recover-Plasticity-Without-Relearning-Fe
atures/paper/.texlocal/root/usr/share/texlive/texmf-dist/tex/generic/pgf/basicl
ayer/pgfcorepathprocessing.code.tex)
(/home/user/Can-Optimizer-State-Repair-Recover-Plasticity-Without-Relearning-Fe
atures/paper/.texlocal/root/usr/share/texlive/texmf-dist/tex/generic/pgf/basicl
ayer/pgfcorearrows.code.tex)
(/home/user/Can-Optimizer-State-Repair-Recover-Plasticity-Without-Relearning-Fe
atures/paper/.texlocal/root/usr/share/texlive/texmf-dist/tex/generic/pgf/basicl
ayer/pgfcoreshade.code.tex)
(/home/user/Can-Optimizer-State-Repair-Recover-Plasticity-Without-Relearning-Fe
atures/paper/.texlocal/root/usr/share/texlive/texmf-dist/tex/generic/pgf/basicl
ayer/pgfcoreimage.code.tex)
(/home/user/Can-Optimizer-State-Repair-Recover-Plasticity-Without-Relearning-Fe
atures/paper/.texlocal/root/usr/share/texlive/texmf-dist/tex/generic/pgf/basicl
ayer/pgfcoreexternal.code.tex)
(/home/user/Can-Optimizer-State-Repair-Recover-Plasticity-Without-Relearning-Fe
atures/paper/.texlocal/root/usr/share/texlive/texmf-dist/tex/generic/pgf/basicl
ayer/pgfcorelayers.code.tex)
(/home/user/Can-Optimizer-State-Repair-Recover-Plasticity-Without-Relearning-Fe
atures/paper/.texlocal/root/usr/share/texlive/texmf-dist/tex/generic/pgf/basicl
ayer/pgfcoretransparency.code.tex)
(/home/user/Can-Optimizer-State-Repair-Recover-Plasticity-Without-Relearning-Fe
atures/paper/.texlocal/root/usr/share/texlive/texmf-dist/tex/generic/pgf/basicl
ayer/pgfcorepatterns.code.tex)
(/home/user/Can-Optimizer-State-Repair-Recover-Plasticity-Without-Relearning-Fe
atures/paper/.texlocal/root/usr/share/texlive/texmf-dist/tex/generic/pgf/basicl
ayer/pgfcorerdf.code.tex)))
(/home/user/Can-Optimizer-State-Repair-Recover-Plasticity-Without-Relearning-Fe
atures/paper/.texlocal/root/usr/share/texlive/texmf-dist/tex/generic/pgf/module
s/pgfmoduleshapes.code.tex)
(/home/user/Can-Optimizer-State-Repair-Recover-Plasticity-Without-Relearning-Fe
atures/paper/.texlocal/root/usr/share/texlive/texmf-dist/tex/generic/pgf/module
s/pgfmoduleplot.code.tex)
(/home/user/Can-Optimizer-State-Repair-Recover-Plasticity-Without-Relearning-Fe
atures/paper/.texlocal/root/usr/share/texlive/texmf-dist/tex/latex/pgf/compatib
ility/pgfcomp-version-0-65.sty)
(/home/user/Can-Optimizer-State-Repair-Recover-Plasticity-Without-Relearning-Fe
atures/paper/.texlocal/root/usr/share/texlive/texmf-dist/tex/latex/pgf/compatib
ility/pgfcomp-version-1-18.sty))
(/home/user/Can-Optimizer-State-Repair-Recover-Plasticity-Without-Relearning-Fe
atures/paper/.texlocal/root/usr/share/texlive/texmf-dist/tex/latex/pgf/utilitie
s/pgffor.sty
(/home/user/Can-Optimizer-State-Repair-Recover-Plasticity-Without-Relearning-Fe
atures/paper/.texlocal/root/usr/share/texlive/texmf-dist/tex/latex/pgf/utilitie
s/pgfkeys.sty
(/home/user/Can-Optimizer-State-Repair-Recover-Plasticity-Without-Relearning-Fe
atures/paper/.texlocal/root/usr/share/texlive/texmf-dist/tex/generic/pgf/utilit
ies/pgfkeys.code.tex))
(/home/user/Can-Optimizer-State-Repair-Recover-Plasticity-Without-Relearning-Fe
atures/paper/.texlocal/root/usr/share/texlive/texmf-dist/tex/latex/pgf/math/pgf
math.sty
(/home/user/Can-Optimizer-State-Repair-Recover-Plasticity-Without-Relearning-Fe
atures/paper/.texlocal/root/usr/share/texlive/texmf-dist/tex/generic/pgf/math/p
gfmath.code.tex))
(/home/user/Can-Optimizer-State-Repair-Recover-Plasticity-Without-Relearning-Fe
atures/paper/.texlocal/root/usr/share/texlive/texmf-dist/tex/generic/pgf/utilit
ies/pgffor.code.tex))
(/home/user/Can-Optimizer-State-Repair-Recover-Plasticity-Without-Relearning-Fe
atures/paper/.texlocal/root/usr/share/texlive/texmf-dist/tex/generic/pgf/fronte
ndlayer/tikz/tikz.code.tex
(/home/user/Can-Optimizer-State-Repair-Recover-Plasticity-Without-Relearning-Fe
atures/paper/.texlocal/root/usr/share/texlive/texmf-dist/tex/generic/pgf/librar
ies/pgflibraryplothandlers.code.tex)
(/home/user/Can-Optimizer-State-Repair-Recover-Plasticity-Without-Relearning-Fe
atures/paper/.texlocal/root/usr/share/texlive/texmf-dist/tex/generic/pgf/module
s/pgfmodulematrix.code.tex)
(/home/user/Can-Optimizer-State-Repair-Recover-Plasticity-Without-Relearning-Fe
atures/paper/.texlocal/root/usr/share/texlive/texmf-dist/tex/generic/pgf/fronte
ndlayer/tikz/libraries/tikzlibrarytopaths.code.tex)))
(/home/user/Can-Optimizer-State-Repair-Recover-Plasticity-Without-Relearning-Fe
atures/paper/.texlocal/root/usr/share/texlive/texmf-dist/tex/generic/pgfplots/p
gfplots.code.tex
(/home/user/Can-Optimizer-State-Repair-Recover-Plasticity-Without-Relearning-Fe
atures/paper/.texlocal/root/usr/share/texlive/texmf-dist/tex/generic/pgfplots/p
gfplotscore.code.tex
(/home/user/Can-Optimizer-State-Repair-Recover-Plasticity-Without-Relearning-Fe
atures/paper/.texlocal/root/usr/share/texlive/texmf-dist/tex/generic/pgfplots/s
ys/pgfplotssysgeneric.code.tex))
(/home/user/Can-Optimizer-State-Repair-Recover-Plasticity-Without-Relearning-Fe
atures/paper/.texlocal/root/usr/share/texlive/texmf-dist/tex/generic/pgfplots/l
ibs/pgfplotslibrary.code.tex)
(/home/user/Can-Optimizer-State-Repair-Recover-Plasticity-Without-Relearning-Fe
atures/paper/.texlocal/root/usr/share/texlive/texmf-dist/tex/generic/pgfplots/o
ldpgfcompatib/pgfplotsoldpgfsupp_loader.code.tex
(/home/user/Can-Optimizer-State-Repair-Recover-Plasticity-Without-Relearning-Fe
atures/paper/.texlocal/root/usr/share/texlive/texmf-dist/tex/generic/pgf/librar
ies/pgflibraryfpu.code.tex)
Package pgfplots: loading complementary utilities for your pgf version...

(/home/user/Can-Optimizer-State-Repair-Recover-Plasticity-Without-Relearning-Fe
atures/paper/.texlocal/root/usr/share/texlive/texmf-dist/tex/generic/pgfplots/o
ldpgfcompatib/pgfplotsoldpgfsupp_pgfutil-common-lists.tex))
(/home/user/Can-Optimizer-State-Repair-Recover-Plasticity-Without-Relearning-Fe
atures/paper/.texlocal/root/usr/share/texlive/texmf-dist/tex/generic/pgfplots/u
til/pgfplotsutil.code.tex
(/home/user/Can-Optimizer-State-Repair-Recover-Plasticity-Without-Relearning-Fe
atures/paper/.texlocal/root/usr/share/texlive/texmf-dist/tex/generic/pgfplots/l
iststructure/pgfplotsliststructure.code.tex)
(/home/user/Can-Optimizer-State-Repair-Recover-Plasticity-Without-Relearning-Fe
atures/paper/.texlocal/root/usr/share/texlive/texmf-dist/tex/generic/pgfplots/l
iststructure/pgfplotsliststructureext.code.tex)
(/home/user/Can-Optimizer-State-Repair-Recover-Plasticity-Without-Relearning-Fe
atures/paper/.texlocal/root/usr/share/texlive/texmf-dist/tex/generic/pgfplots/l
iststructure/pgfplotsarray.code.tex)
(/home/user/Can-Optimizer-State-Repair-Recover-Plasticity-Without-Relearning-Fe
atures/paper/.texlocal/root/usr/share/texlive/texmf-dist/tex/generic/pgfplots/l
iststructure/pgfplotsmatrix.code.tex)
(/home/user/Can-Optimizer-State-Repair-Recover-Plasticity-Without-Relearning-Fe
atures/paper/.texlocal/root/usr/share/texlive/texmf-dist/tex/generic/pgfplots/n
umtable/pgfplotstableshared.code.tex)
(/home/user/Can-Optimizer-State-Repair-Recover-Plasticity-Without-Relearning-Fe
atures/paper/.texlocal/root/usr/share/texlive/texmf-dist/tex/generic/pgfplots/l
iststructure/pgfplotsdeque.code.tex)
(/home/user/Can-Optimizer-State-Repair-Recover-Plasticity-Without-Relearning-Fe
atures/paper/.texlocal/root/usr/share/texlive/texmf-dist/tex/generic/pgfplots/u
til/pgfplotsbinary.code.tex
(/home/user/Can-Optimizer-State-Repair-Recover-Plasticity-Without-Relearning-Fe
atures/paper/.texlocal/root/usr/share/texlive/texmf-dist/tex/generic/pgfplots/u
til/pgfplotsbinary.data.code.tex))
(/home/user/Can-Optimizer-State-Repair-Recover-Plasticity-Without-Relearning-Fe
atures/paper/.texlocal/root/usr/share/texlive/texmf-dist/tex/generic/pgfplots/u
til/pgfplotsutil.verb.code.tex)
(/home/user/Can-Optimizer-State-Repair-Recover-Plasticity-Without-Relearning-Fe
atures/paper/.texlocal/root/usr/share/texlive/texmf-dist/tex/generic/pgfplots/l
ibs/pgflibrarypgfplots.surfshading.code.tex
(/home/user/Can-Optimizer-State-Repair-Recover-Plasticity-Without-Relearning-Fe
atures/paper/.texlocal/root/usr/share/texlive/texmf-dist/tex/generic/pgfplots/s
ys/pgflibrarypgfplots.surfshading.pgfsys-pdftex.def)))
(/home/user/Can-Optimizer-State-Repair-Recover-Plasticity-Without-Relearning-Fe
atures/paper/.texlocal/root/usr/share/texlive/texmf-dist/tex/generic/pgfplots/u
til/pgfplotscolormap.code.tex
(/home/user/Can-Optimizer-State-Repair-Recover-Plasticity-Without-Relearning-Fe
atures/paper/.texlocal/root/usr/share/texlive/texmf-dist/tex/generic/pgfplots/u
til/pgfplotscolor.code.tex))
(/home/user/Can-Optimizer-State-Repair-Recover-Plasticity-Without-Relearning-Fe
atures/paper/.texlocal/root/usr/share/texlive/texmf-dist/tex/generic/pgfplots/p
gfplotsstackedplots.code.tex)
(/home/user/Can-Optimizer-State-Repair-Recover-Plasticity-Without-Relearning-Fe
atures/paper/.texlocal/root/usr/share/texlive/texmf-dist/tex/generic/pgfplots/p
gfplotsplothandlers.code.tex
(/home/user/Can-Optimizer-State-Repair-Recover-Plasticity-Without-Relearning-Fe
atures/paper/.texlocal/root/usr/share/texlive/texmf-dist/tex/generic/pgfplots/p
gfplotsmeshplothandler.code.tex
(/home/user/Can-Optimizer-State-Repair-Recover-Plasticity-Without-Relearning-Fe
atures/paper/.texlocal/root/usr/share/texlive/texmf-dist/tex/generic/pgfplots/p
gfplotsmeshplotimage.code.tex)))
(/home/user/Can-Optimizer-State-Repair-Recover-Plasticity-Without-Relearning-Fe
atures/paper/.texlocal/root/usr/share/texlive/texmf-dist/tex/generic/pgfplots/p
gfplots.scaling.code.tex)
(/home/user/Can-Optimizer-State-Repair-Recover-Plasticity-Without-Relearning-Fe
atures/paper/.texlocal/root/usr/share/texlive/texmf-dist/tex/generic/pgfplots/p
gfplotscoordprocessing.code.tex)
(/home/user/Can-Optimizer-State-Repair-Recover-Plasticity-Without-Relearning-Fe
atures/paper/.texlocal/root/usr/share/texlive/texmf-dist/tex/generic/pgfplots/p
gfplots.errorbars.code.tex)
(/home/user/Can-Optimizer-State-Repair-Recover-Plasticity-Without-Relearning-Fe
atures/paper/.texlocal/root/usr/share/texlive/texmf-dist/tex/generic/pgfplots/p
gfplots.markers.code.tex)
(/home/user/Can-Optimizer-State-Repair-Recover-Plasticity-Without-Relearning-Fe
atures/paper/.texlocal/root/usr/share/texlive/texmf-dist/tex/generic/pgfplots/p
gfplotsticks.code.tex)
(/home/user/Can-Optimizer-State-Repair-Recover-Plasticity-Without-Relearning-Fe
atures/paper/.texlocal/root/usr/share/texlive/texmf-dist/tex/generic/pgfplots/p
gfplots.paths.code.tex)
(/home/user/Can-Optimizer-State-Repair-Recover-Plasticity-Without-Relearning-Fe
atures/paper/.texlocal/root/usr/share/texlive/texmf-dist/tex/generic/pgf/fronte
ndlayer/tikz/libraries/tikzlibrarydecorations.code.tex
(/home/user/Can-Optimizer-State-Repair-Recover-Plasticity-Without-Relearning-Fe
atures/paper/.texlocal/root/usr/share/texlive/texmf-dist/tex/generic/pgf/module
s/pgfmoduledecorations.code.tex))
(/home/user/Can-Optimizer-State-Repair-Recover-Plasticity-Without-Relearning-Fe
atures/paper/.texlocal/root/usr/share/texlive/texmf-dist/tex/generic/pgf/fronte
ndlayer/tikz/libraries/tikzlibrarydecorations.pathmorphing.code.tex
(/home/user/Can-Optimizer-State-Repair-Recover-Plasticity-Without-Relearning-Fe
atures/paper/.texlocal/root/usr/share/texlive/texmf-dist/tex/generic/pgf/librar
ies/decorations/pgflibrarydecorations.pathmorphing.code.tex))
(/home/user/Can-Optimizer-State-Repair-Recover-Plasticity-Without-Relearning-Fe
atures/paper/.texlocal/root/usr/share/texlive/texmf-dist/tex/generic/pgf/fronte
ndlayer/tikz/libraries/tikzlibrarydecorations.pathreplacing.code.tex
(/home/user/Can-Optimizer-State-Repair-Recover-Plasticity-Without-Relearning-Fe
atures/paper/.texlocal/root/usr/share/texlive/texmf-dist/tex/generic/pgf/librar
ies/decorations/pgflibrarydecorations.pathreplacing.code.tex))
(/home/user/Can-Optimizer-State-Repair-Recover-Plasticity-Without-Relearning-Fe
atures/paper/.texlocal/root/usr/share/texlive/texmf-dist/tex/generic/pgfplots/l
ibs/tikzlibrarypgfplots.contourlua.code.tex))
(/home/user/Can-Optimizer-State-Repair-Recover-Plasticity-Without-Relearning-Fe
atures/paper/.texlocal/root/usr/share/texlive/texmf-dist/tex/generic/pgf/fronte
ndlayer/tikz/libraries/tikzlibraryplotmarks.code.tex
(/home/user/Can-Optimizer-State-Repair-Recover-Plasticity-Without-Relearning-Fe
atures/paper/.texlocal/root/usr/share/texlive/texmf-dist/tex/generic/pgf/librar
ies/pgflibraryplotmarks.code.tex))) (./tables/numbers.tex)
(/home/user/Can-Optimizer-State-Repair-Recover-Plasticity-Without-Relearning-Fe
atures/paper/.texlocal/root/usr/share/texlive/texmf-dist/tex/latex/psnfss/ot1pt
m.fd)
(/home/user/Can-Optimizer-State-Repair-Recover-Plasticity-Without-Relearning-Fe
atures/paper/.texlocal/root/usr/share/texlive/texmf-dist/tex/latex/l3backend/l3
backend-pdftex.def) (./main.aux)
(/home/user/Can-Optimizer-State-Repair-Recover-Plasticity-Without-Relearning-Fe
atures/paper/.texlocal/root/usr/share/texlive/texmf-dist/tex/context/base/mkii/
supp-pdf.mkii
[Loading MPS to PDF converter (version 2006.09.02).]
)
(/home/user/Can-Optimizer-State-Repair-Recover-Plasticity-Without-Relearning-Fe
atures/paper/.texlocal/root/usr/share/texlive/texmf-dist/tex/latex/epstopdf-pkg
/epstopdf-base.sty
(/home/user/Can-Optimizer-State-Repair-Recover-Plasticity-Without-Relearning-Fe
atures/paper/.texlocal/root/usr/share/texlive/texmf-dist/tex/latex/latexconfig/
epstopdf-sys.cfg)) (./main.out) (./main.out)
Package pgfplots notification 'compat/show suggested version=true': you might b
enefit from \pgfplotsset{compat=1.18} (current compat level: 1.17).


Underfull \hbox (badness 10000) in paragraph at lines 26--26
\OT1/ptm/m/sc/17.28 from Update-Scale Ef-fect-s in Con-tin-u-al

(/home/user/Can-Optimizer-State-Repair-Recover-Plasticity-Without-Relearning-Fe
atures/paper/.texlocal/root/usr/share/texlive/texmf-dist/tex/latex/amsfonts/ums
a.fd)
(/home/user/Can-Optimizer-State-Repair-Recover-Plasticity-Without-Relearning-Fe
atures/paper/.texlocal/root/usr/share/texlive/texmf-dist/tex/latex/amsfonts/ums
b.fd)
(/home/user/Can-Optimizer-State-Repair-Recover-Plasticity-Without-Relearning-Fe
atures/paper/.texlocal/root/usr/share/texlive/texmf-dist/tex/latex/psnfss/ot1pc
r.fd) (./sections/abstract.tex) (./sections/introduction.tex [1{/home/user/Can-
Optimizer-State-Repair-Recover-Plasticity-Without-Relearning-Features/paper/.te
xlocal/var/fonts/map/pdftex/updmap/pdftex.map

pdfTeX warning: /home/user/Can-Optimizer-State-Repair-Recover-Plasticity-Withou
t-Relearning-Features/paper/.texlocal/root/usr/bin/pdflatex (file /home/user/Ca
n-Optimizer-State-Repair-Recover-Plasticity-Without-Relearning-Features/paper/.
texlocal/var/fonts/map/pdftex/updmap/pdftex.map): fontmap entry for `pagd8r' al
ready exists, duplicates ignored


pdfTeX warning: /home/user/Can-Optimizer-State-Repair-Recover-Plasticity-Withou
t-Relearning-Features/paper/.texlocal/root/usr/bin/pdflatex (file /home/user/Ca
n-Optimizer-State-Repair-Recover-Plasticity-Without-Relearning-Features/paper/.
texlocal/var/fonts/map/pdftex/updmap/pdftex.map): fontmap entry for `pagdo8r' a
lready exists, duplicates ignored


pdfTeX warning: /home/user/Can-Optimizer-State-Repair-Recover-Plasticity-Withou
t-Relearning-Features/paper/.texlocal/root/usr/bin/pdflatex (file /home/user/Ca
n-Optimizer-State-Repair-Recover-Plasticity-Without-Relearning-Features/paper/.
texlocal/var/fonts/map/pdftex/updmap/pdftex.map): fontmap entry for `pagk8r' al
ready exists, duplicates ignored


pdfTeX warning: /home/user/Can-Optimizer-State-Repair-Recover-Plasticity-Withou
t-Relearning-Features/paper/.texlocal/root/usr/bin/pdflatex (file /home/user/Ca
n-Optimizer-State-Repair-Recover-Plasticity-Without-Relearning-Features/paper/.
texlocal/var/fonts/map/pdftex/updmap/pdftex.map): fontmap entry for `pagko8r' a
lready exists, duplicates ignored


pdfTeX warning: /home/user/Can-Optimizer-State-Repair-Recover-Plasticity-Withou
t-Relearning-Features/paper/.texlocal/root/usr/bin/pdflatex (file /home/user/Ca
n-Optimizer-State-Repair-Recover-Plasticity-Without-Relearning-Features/paper/.
texlocal/var/fonts/map/pdftex/updmap/pdftex.map): fontmap entry for `pbkd8r' al
ready exists, duplicates ignored


pdfTeX warning: /home/user/Can-Optimizer-State-Repair-Recover-Plasticity-Withou
t-Relearning-Features/paper/.texlocal/root/usr/bin/pdflatex (file /home/user/Ca
n-Optimizer-State-Repair-Recover-Plasticity-Without-Relearning-Features/paper/.
texlocal/var/fonts/map/pdftex/updmap/pdftex.map): fontmap entry for `pbkdi8r' a
lready exists, duplicates ignored


pdfTeX warning: /home/user/Can-Optimizer-State-Repair-Recover-Plasticity-Withou
t-Relearning-Features/paper/.texlocal/root/usr/bin/pdflatex (file /home/user/Ca
n-Optimizer-State-Repair-Recover-Plasticity-Without-Relearning-Features/paper/.
texlocal/var/fonts/map/pdftex/updmap/pdftex.map): invalid entry for `pbkdo8r': 
SlantFont/ExtendFont can be used only with embedded Type1 fonts


pdfTeX warning: /home/user/Can-Optimizer-State-Repair-Recover-Plasticity-Withou
t-Relearning-Features/paper/.texlocal/root/usr/bin/pdflatex (file /home/user/Ca
n-Optimizer-State-Repair-Recover-Plasticity-Without-Relearning-Features/paper/.
texlocal/var/fonts/map/pdftex/updmap/pdftex.map): fontmap entry for `pbkl8r' al
ready exists, duplicates ignored


pdfTeX warning: /home/user/Can-Optimizer-State-Repair-Recover-Plasticity-Withou
t-Relearning-Features/paper/.texlocal/root/usr/bin/pdflatex (file /home/user/Ca
n-Optimizer-State-Repair-Recover-Plasticity-Without-Relearning-Features/paper/.
texlocal/var/fonts/map/pdftex/updmap/pdftex.map): fontmap entry for `pbkli8r' a
lready exists, duplicates ignored


pdfTeX warning: /home/user/Can-Optimizer-State-Repair-Recover-Plasticity-Withou
t-Relearning-Features/paper/.texlocal/root/usr/bin/pdflatex (file /home/user/Ca
n-Optimizer-State-Repair-Recover-Plasticity-Without-Relearning-Features/paper/.
texlocal/var/fonts/map/pdftex/updmap/pdftex.map): invalid entry for `pbklo8r': 
SlantFont/ExtendFont can be used only with embedded Type1 fonts


pdfTeX warning: /home/user/Can-Optimizer-State-Repair-Recover-Plasticity-Withou
t-Relearning-Features/paper/.texlocal/root/usr/bin/pdflatex (file /home/user/Ca
n-Optimizer-State-Repair-Recover-Plasticity-Without-Relearning-Features/paper/.
texlocal/var/fonts/map/pdftex/updmap/pdftex.map): fontmap entry for `pcrb8r' al
ready exists, duplicates ignored


pdfTeX warning: /home/user/Can-Optimizer-State-Repair-Recover-Plasticity-Withou
t-Relearning-Features/paper/.texlocal/root/usr/bin/pdflatex (file /home/user/Ca
n-Optimizer-State-Repair-Recover-Plasticity-Without-Relearning-Features/paper/.
texlocal/var/fonts/map/pdftex/updmap/pdftex.map): fontmap entry for `pcrbo8r' a
lready exists, duplicates ignored


pdfTeX warning: /home/user/Can-Optimizer-State-Repair-Recover-Plasticity-Withou
t-Relearning-Features/paper/.texlocal/root/usr/bin/pdflatex (file /home/user/Ca
n-Optimizer-State-Repair-Recover-Plasticity-Without-Relearning-Features/paper/.
texlocal/var/fonts/map/pdftex/updmap/pdftex.map): fontmap entry for `pcrr8r' al
ready exists, duplicates ignored


pdfTeX warning: /home/user/Can-Optimizer-State-Repair-Recover-Plasticity-Withou
t-Relearning-Features/paper/.texlocal/root/usr/bin/pdflatex (file /home/user/Ca
n-Optimizer-State-Repair-Recover-Plasticity-Without-Relearning-Features/paper/.
texlocal/var/fonts/map/pdftex/updmap/pdftex.map): fontmap entry for `pcrro8r' a
lready exists, duplicates ignored


pdfTeX warning: /home/user/Can-Optimizer-State-Repair-Recover-Plasticity-Withou
t-Relearning-Features/paper/.texlocal/root/usr/bin/pdflatex (file /home/user/Ca
n-Optimizer-State-Repair-Recover-Plasticity-Without-Relearning-Features/paper/.
texlocal/var/fonts/map/pdftex/updmap/pdftex.map): fontmap entry for `phvb8r' al
ready exists, duplicates ignored


pdfTeX warning: /home/user/Can-Optimizer-State-Repair-Recover-Plasticity-Withou
t-Relearning-Features/paper/.texlocal/root/usr/bin/pdflatex (file /home/user/Ca
n-Optimizer-State-Repair-Recover-Plasticity-Without-Relearning-Features/paper/.
texlocal/var/fonts/map/pdftex/updmap/pdftex.map): fontmap entry for `phvb8rn' a
lready exists, duplicates ignored


pdfTeX warning: /home/user/Can-Optimizer-State-Repair-Recover-Plasticity-Withou
t-Relearning-Features/paper/.texlocal/root/usr/bin/pdflatex (file /home/user/Ca
n-Optimizer-State-Repair-Recover-Plasticity-Without-Relearning-Features/paper/.
texlocal/var/fonts/map/pdftex/updmap/pdftex.map): fontmap entry for `phvbo8r' a
lready exists, duplicates ignored


pdfTeX warning: /home/user/Can-Optimizer-State-Repair-Recover-Plasticity-Withou
t-Relearning-Features/paper/.texlocal/root/usr/bin/pdflatex (file /home/user/Ca
n-Optimizer-State-Repair-Recover-Plasticity-Without-Relearning-Features/paper/.
texlocal/var/fonts/map/pdftex/updmap/pdftex.map): fontmap entry for `phvbo8rn' 
already exists, duplicates ignored


pdfTeX warning: /home/user/Can-Optimizer-State-Repair-Recover-Plasticity-Withou
t-Relearning-Features/paper/.texlocal/root/usr/bin/pdflatex (file /home/user/Ca
n-Optimizer-State-Repair-Recover-Plasticity-Without-Relearning-Features/paper/.
texlocal/var/fonts/map/pdftex/updmap/pdftex.map): fontmap entry for `phvr8r' al
ready exists, duplicates ignored


pdfTeX warning: /home/user/Can-Optimizer-State-Repair-Recover-Plasticity-Withou
t-Relearning-Features/paper/.texlocal/root/usr/bin/pdflatex (file /home/user/Ca
n-Optimizer-State-Repair-Recover-Plasticity-Without-Relearning-Features/paper/.
texlocal/var/fonts/map/pdftex/updmap/pdftex.map): fontmap entry for `phvr8rn' a
lready exists, duplicates ignored


pdfTeX warning: /home/user/Can-Optimizer-State-Repair-Recover-Plasticity-Withou
t-Relearning-Features/paper/.texlocal/root/usr/bin/pdflatex (file /home/user/Ca
n-Optimizer-State-Repair-Recover-Plasticity-Without-Relearning-Features/paper/.
texlocal/var/fonts/map/pdftex/updmap/pdftex.map): fontmap entry for `phvro8r' a
lready exists, duplicates ignored


pdfTeX warning: /home/user/Can-Optimizer-State-Repair-Recover-Plasticity-Withou
t-Relearning-Features/paper/.texlocal/root/usr/bin/pdflatex (file /home/user/Ca
n-Optimizer-State-Repair-Recover-Plasticity-Without-Relearning-Features/paper/.
texlocal/var/fonts/map/pdftex/updmap/pdftex.map): fontmap entry for `phvro8rn' 
already exists, duplicates ignored


pdfTeX warning: /home/user/Can-Optimizer-State-Repair-Recover-Plasticity-Withou
t-Relearning-Features/paper/.texlocal/root/usr/bin/pdflatex (file /home/user/Ca
n-Optimizer-State-Repair-Recover-Plasticity-Without-Relearning-Features/paper/.
texlocal/var/fonts/map/pdftex/updmap/pdftex.map): fontmap entry for `pncb8r' al
ready exists, duplicates ignored


pdfTeX warning: /home/user/Can-Optimizer-State-Repair-Recover-Plasticity-Withou
t-Relearning-Features/paper/.texlocal/root/usr/bin/pdflatex (file /home/user/Ca
n-Optimizer-State-Repair-Recover-Plasticity-Without-Relearning-Features/paper/.
texlocal/var/fonts/map/pdftex/updmap/pdftex.map): fontmap entry for `pncbi8r' a
lready exists, duplicates ignored


pdfTeX warning: /home/user/Can-Optimizer-State-Repair-Recover-Plasticity-Withou
t-Relearning-Features/paper/.texlocal/root/usr/bin/pdflatex (file /home/user/Ca
n-Optimizer-State-Repair-Recover-Plasticity-Without-Relearning-Features/paper/.
texlocal/var/fonts/map/pdftex/updmap/pdftex.map): invalid entry for `pncbo8r': 
SlantFont/ExtendFont can be used only with embedded Type1 fonts


pdfTeX warning: /home/user/Can-Optimizer-State-Repair-Recover-Plasticity-Withou
t-Relearning-Features/paper/.texlocal/root/usr/bin/pdflatex (file /home/user/Ca
n-Optimizer-State-Repair-Recover-Plasticity-Without-Relearning-Features/paper/.
texlocal/var/fonts/map/pdftex/updmap/pdftex.map): fontmap entry for `pncr8r' al
ready exists, duplicates ignored


pdfTeX warning: /home/user/Can-Optimizer-State-Repair-Recover-Plasticity-Withou
t-Relearning-Features/paper/.texlocal/root/usr/bin/pdflatex (file /home/user/Ca
n-Optimizer-State-Repair-Recover-Plasticity-Without-Relearning-Features/paper/.
texlocal/var/fonts/map/pdftex/updmap/pdftex.map): fontmap entry for `pncri8r' a
lready exists, duplicates ignored


pdfTeX warning: /home/user/Can-Optimizer-State-Repair-Recover-Plasticity-Withou
t-Relearning-Features/paper/.texlocal/root/usr/bin/pdflatex (file /home/user/Ca
n-Optimizer-State-Repair-Recover-Plasticity-Without-Relearning-Features/paper/.
texlocal/var/fonts/map/pdftex/updmap/pdftex.map): invalid entry for `pncro8r': 
SlantFont/ExtendFont can be used only with embedded Type1 fonts


pdfTeX warning: /home/user/Can-Optimizer-State-Repair-Recover-Plasticity-Withou
t-Relearning-Features/paper/.texlocal/root/usr/bin/pdflatex (file /home/user/Ca
n-Optimizer-State-Repair-Recover-Plasticity-Without-Relearning-Features/paper/.
texlocal/var/fonts/map/pdftex/updmap/pdftex.map): fontmap entry for `pplb8r' al
ready exists, duplicates ignored


pdfTeX warning: /home/user/Can-Optimizer-State-Repair-Recover-Plasticity-Withou
t-Relearning-Features/paper/.texlocal/root/usr/bin/pdflatex (file /home/user/Ca
n-Optimizer-State-Repair-Recover-Plasticity-Without-Relearning-Features/paper/.
texlocal/var/fonts/map/pdftex/updmap/pdftex.map): fontmap entry for `pplbi8r' a
lready exists, duplicates ignored


pdfTeX warning: /home/user/Can-Optimizer-State-Repair-Recover-Plasticity-Withou
t-Relearning-Features/paper/.texlocal/root/usr/bin/pdflatex (file /home/user/Ca
n-Optimizer-State-Repair-Recover-Plasticity-Without-Relearning-Features/paper/.
texlocal/var/fonts/map/pdftex/updmap/pdftex.map): invalid entry for `pplbo8r': 
SlantFont/ExtendFont can be used only with embedded Type1 fonts


pdfTeX warning: /home/user/Can-Optimizer-State-Repair-Recover-Plasticity-Withou
t-Relearning-Features/paper/.texlocal/root/usr/bin/pdflatex (file /home/user/Ca
n-Optimizer-State-Repair-Recover-Plasticity-Without-Relearning-Features/paper/.
texlocal/var/fonts/map/pdftex/updmap/pdftex.map): fontmap entry for `pplr8r' al
ready exists, duplicates ignored


pdfTeX warning: /home/user/Can-Optimizer-State-Repair-Recover-Plasticity-Withou
t-Relearning-Features/paper/.texlocal/root/usr/bin/pdflatex (file /home/user/Ca
n-Optimizer-State-Repair-Recover-Plasticity-Without-Relearning-Features/paper/.
texlocal/var/fonts/map/pdftex/updmap/pdftex.map): fontmap entry for `pplri8r' a
lready exists, duplicates ignored


pdfTeX warning: /home/user/Can-Optimizer-State-Repair-Recover-Plasticity-Withou
t-Relearning-Features/paper/.texlocal/root/usr/bin/pdflatex (file /home/user/Ca
n-Optimizer-State-Repair-Recover-Plasticity-Without-Relearning-Features/paper/.
texlocal/var/fonts/map/pdftex/updmap/pdftex.map): invalid entry for `pplro8r': 
SlantFont/ExtendFont can be used only with embedded Type1 fonts


pdfTeX warning: /home/user/Can-Optimizer-State-Repair-Recover-Plasticity-Withou
t-Relearning-Features/paper/.texlocal/root/usr/bin/pdflatex (file /home/user/Ca
n-Optimizer-State-Repair-Recover-Plasticity-Without-Relearning-Features/paper/.
texlocal/var/fonts/map/pdftex/updmap/pdftex.map): fontmap entry for `psyr' alre
ady exists, duplicates ignored


pdfTeX warning: /home/user/Can-Optimizer-State-Repair-Recover-Plasticity-Withou
t-Relearning-Features/paper/.texlocal/root/usr/bin/pdflatex (file /home/user/Ca
n-Optimizer-State-Repair-Recover-Plasticity-Without-Relearning-Features/paper/.
texlocal/var/fonts/map/pdftex/updmap/pdftex.map): invalid entry for `psyro': Sl
antFont/ExtendFont can be used only with embedded Type1 fonts


pdfTeX warning: /home/user/Can-Optimizer-State-Repair-Recover-Plasticity-Withou
t-Relearning-Features/paper/.texlocal/root/usr/bin/pdflatex (file /home/user/Ca
n-Optimizer-State-Repair-Recover-Plasticity-Without-Relearning-Features/paper/.
texlocal/var/fonts/map/pdftex/updmap/pdftex.map): fontmap entry for `ptmb8r' al
ready exists, duplicates ignored


pdfTeX warning: /home/user/Can-Optimizer-State-Repair-Recover-Plasticity-Withou
t-Relearning-Features/paper/.texlocal/root/usr/bin/pdflatex (file /home/user/Ca
n-Optimizer-State-Repair-Recover-Plasticity-Without-Relearning-Features/paper/.
texlocal/var/fonts/map/pdftex/updmap/pdftex.map): fontmap entry for `ptmbi8r' a
lready exists, duplicates ignored


pdfTeX warning: /home/user/Can-Optimizer-State-Repair-Recover-Plasticity-Withou
t-Relearning-Features/paper/.texlocal/root/usr/bin/pdflatex (file /home/user/Ca
n-Optimizer-State-Repair-Recover-Plasticity-Without-Relearning-Features/paper/.
texlocal/var/fonts/map/pdftex/updmap/pdftex.map): invalid entry for `ptmbo8r': 
SlantFont/ExtendFont can be used only with embedded Type1 fonts


pdfTeX warning: /home/user/Can-Optimizer-State-Repair-Recover-Plasticity-Withou
t-Relearning-Features/paper/.texlocal/root/usr/bin/pdflatex (file /home/user/Ca
n-Optimizer-State-Repair-Recover-Plasticity-Without-Relearning-Features/paper/.
texlocal/var/fonts/map/pdftex/updmap/pdftex.map): fontmap entry for `ptmr8r' al
ready exists, duplicates ignored


pdfTeX warning: /home/user/Can-Optimizer-State-Repair-Recover-Plasticity-Withou
t-Relearning-Features/paper/.texlocal/root/usr/bin/pdflatex (file /home/user/Ca
n-Optimizer-State-Repair-Recover-Plasticity-Without-Relearning-Features/paper/.
texlocal/var/fonts/map/pdftex/updmap/pdftex.map): fontmap entry for `ptmri8r' a
lready exists, duplicates ignored


pdfTeX warning: /home/user/Can-Optimizer-State-Repair-Recover-Plasticity-Withou
t-Relearning-Features/paper/.texlocal/root/usr/bin/pdflatex (file /home/user/Ca
n-Optimizer-State-Repair-Recover-Plasticity-Without-Relearning-Features/paper/.
texlocal/var/fonts/map/pdftex/updmap/pdftex.map): invalid entry for `ptmro8r': 
SlantFont/ExtendFont can be used only with embedded Type1 fonts


pdfTeX warning: /home/user/Can-Optimizer-State-Repair-Recover-Plasticity-Withou
t-Relearning-Features/paper/.texlocal/root/usr/bin/pdflatex (file /home/user/Ca
n-Optimizer-State-Repair-Recover-Plasticity-Without-Relearning-Features/paper/.
texlocal/var/fonts/map/pdftex/updmap/pdftex.map): fontmap entry for `pzcmi8r' a
lready exists, duplicates ignored


pdfTeX warning: /home/user/Can-Optimizer-State-Repair-Recover-Plasticity-Withou
t-Relearning-Features/paper/.texlocal/root/usr/bin/pdflatex (file /home/user/Ca
n-Optimizer-State-Repair-Recover-Plasticity-Without-Relearning-Features/paper/.
texlocal/var/fonts/map/pdftex/updmap/pdftex.map): fontmap entry for `pzdr' alre
ady exists, duplicates ignored
}{/home/user/Can-Optimizer-State-Repair-Recover-Plasticity-Without-Relearning-F
eatures/paper/.texlocal/root/usr/share/texlive/texmf-dist/fonts/enc/dvips/base/
8r.enc}]
(/home/user/Can-Optimizer-State-Repair-Recover-Plasticity-Without-Relearning-Fe
atures/paper/.texlocal/root/usr/share/texlive/texmf-dist/tex/latex/psnfss/ts1pt
m.fd)) (./sections/related.tex) (./sections/setting.tex [2])
(./sections/analysis.tex [3]
Underfull \hbox (badness 2368) in paragraph at lines 16--24
\OT1/ptm/m/n/10 This as-sumes $\OML/cmm/m/it/10 ^^O$ \OT1/ptm/m/n/10 is added t
o $[]$, as in Al-go-rith-m 1 of []K-ing-ma & Ba[] ([]2015[]) and in
) (./sections/results.tex [4] (./tables/tab_phenomenon.tex)
(./tables/tab_interventions.tex) [5]) (./sections/discussion.tex [6])
(./sections/conclusion.tex) (./sections/statements.tex) (./main.bbl [7])
(./appendix.tex [8] (./tables/tab_tuning.tex) [9] (./tables/tab_descriptive.tex
)) [10] (./main.aux)

LaTeX Warning: Label(s) may have changed. Rerun to get cross-references right.

 )
(see the transcript file for additional information)</home/user/Can-Optimizer-S
tate-Repair-Recover-Plasticity-Without-Relearning-Features/paper/.texlocal/root
/usr/share/texlive/texmf-dist/fonts/type1/public/amsfonts/cm/cmex10.pfb></home/
user/Can-Optimizer-State-Repair-Recover-Plasticity-Without-Relearning-Features/
paper/.texlocal/root/usr/share/texlive/texmf-dist/fonts/type1/public/amsfonts/c
m/cmmi10.pfb></home/user/Can-Optimizer-State-Repair-Recover-Plasticity-Without-
Relearning-Features/paper/.texlocal/root/usr/share/texlive/texmf-dist/fonts/typ
e1/public/amsfonts/cm/cmmi12.pfb></home/user/Can-Optimizer-State-Repair-Recover
-Plasticity-Without-Relearning-Features/paper/.texlocal/root/usr/share/texlive/
texmf-dist/fonts/type1/public/amsfonts/cm/cmmi5.pfb></home/user/Can-Optimizer-S
tate-Repair-Recover-Plasticity-Without-Relearning-Features/paper/.texlocal/root
/usr/share/texlive/texmf-dist/fonts/type1/public/amsfonts/cm/cmmi7.pfb></home/u
ser/Can-Optimizer-State-Repair-Recover-Plasticity-Without-Relearning-Features/p
aper/.texlocal/root/usr/share/texlive/texmf-dist/fonts/type1/public/amsfonts/cm
/cmmi9.pfb></home/user/Can-Optimizer-State-Repair-Recover-Plasticity-Without-Re
learning-Features/paper/.texlocal/root/usr/share/texlive/texmf-dist/fonts/type1
/public/amsfonts/cm/cmr10.pfb></home/user/Can-Optimizer-State-Repair-Recover-Pl
asticity-Without-Relearning-Features/paper/.texlocal/root/usr/share/texlive/tex
mf-dist/fonts/type1/public/amsfonts/cm/cmr12.pfb></home/user/Can-Optimizer-Stat
e-Repair-Recover-Plasticity-Without-Relearning-Features/paper/.texlocal/root/us
r/share/texlive/texmf-dist/fonts/type1/public/amsfonts/cm/cmr5.pfb></home/user/
Can-Optimizer-State-Repair-Recover-Plasticity-Without-Relearning-Features/paper
/.texlocal/root/usr/share/texlive/texmf-dist/fonts/type1/public/amsfonts/cm/cmr
7.pfb></home/user/Can-Optimizer-State-Repair-Recover-Plasticity-Without-Relearn
ing-Features/paper/.texlocal/root/usr/share/texlive/texmf-dist/fonts/type1/publ
ic/amsfonts/cm/cmr9.pfb></home/user/Can-Optimizer-State-Repair-Recover-Plastici
ty-Without-Relearning-Features/paper/.texlocal/root/usr/share/texlive/texmf-dis
t/fonts/type1/public/amsfonts/cm/cmsy10.pfb></home/user/Can-Optimizer-State-Rep
air-Recover-Plasticity-Without-Relearning-Features/paper/.texlocal/root/usr/sha
re/texlive/texmf-dist/fonts/type1/public/amsfonts/cm/cmsy5.pfb></home/user/Can-
Optimizer-State-Repair-Recover-Plasticity-Without-Relearning-Features/paper/.te
xlocal/root/usr/share/texlive/texmf-dist/fonts/type1/public/amsfonts/cm/cmsy7.p
fb></home/user/Can-Optimizer-State-Repair-Recover-Plasticity-Without-Relearning
-Features/paper/.texlocal/root/usr/share/texlive/texmf-dist/fonts/type1/public/
amsfonts/cm/cmsy9.pfb></home/user/Can-Optimizer-State-Repair-Recover-Plasticity
-Without-Relearning-Features/paper/.texlocal/root/usr/share/texlive/texmf-dist/
fonts/type1/public/amsfonts/symbols/msam10.pfb></home/user/Can-Optimizer-State-
Repair-Recover-Plasticity-Without-Relearning-Features/paper/.texlocal/root/usr/
share/texlive/texmf-dist/fonts/type1/urw/courier/ucrr8a.pfb></home/user/Can-Opt
imizer-State-Repair-Recover-Plasticity-Without-Relearning-Features/paper/.texlo
cal/root/usr/share/texlive/texmf-dist/fonts/type1/urw/courier/ucrro8a.pfb></hom
e/user/Can-Optimizer-State-Repair-Recover-Plasticity-Without-Relearning-Feature
s/paper/.texlocal/root/usr/share/texlive/texmf-dist/fonts/type1/urw/helvetic/uh
vb8a.pfb></home/user/Can-Optimizer-State-Repair-Recover-Plasticity-Without-Rele
arning-Features/paper/.texlocal/root/usr/share/texlive/texmf-dist/fonts/type1/u
rw/times/utmb8a.pfb></home/user/Can-Optimizer-State-Repair-Recover-Plasticity-W
ithout-Relearning-Features/paper/.texlocal/root/usr/share/texlive/texmf-dist/fo
nts/type1/urw/times/utmr8a.pfb></home/user/Can-Optimizer-State-Repair-Recover-P
lasticity-Without-Relearning-Features/paper/.texlocal/root/usr/share/texlive/te
xmf-dist/fonts/type1/urw/times/utmri8a.pfb>
Output written on main.pdf (10 pages, 284709 bytes).
Transcript written on main.log.
+ /home/user/Can-Optimizer-State-Repair-Recover-Plasticity-Without-Relearning-Features/paper/.texlocal/root/usr/bin/pdflatex -interaction=nonstopmode -halt-on-error main.tex
This is pdfTeX, Version 3.141592653-2.6-1.40.25 (TeX Live 2023/Debian) (preloaded format=pdflatex)
 restricted \write18 enabled.
entering extended mode
(./main.tex
LaTeX2e <2023-11-01> patch level 1
L3 programming layer <2024-01-22>

(/home/user/Can-Optimizer-State-Repair-Recover-Plasticity-Without-Relearning-Fe
atures/paper/.texlocal/root/usr/share/texlive/texmf-dist/tex/latex/base/article
.cls
Document Class: article 2023/05/17 v1.4n Standard LaTeX document class

(/home/user/Can-Optimizer-State-Repair-Recover-Plasticity-Without-Relearning-Fe
atures/paper/.texlocal/root/usr/share/texlive/texmf-dist/tex/latex/base/size10.
clo))
(/home/user/Can-Optimizer-State-Repair-Recover-Plasticity-Without-Relearning-Fe
atures/paper/iclr_style_official/iclr2027/iclr2027_conference.sty
(/home/user/Can-Optimizer-State-Repair-Recover-Plasticity-Without-Relearning-Fe
atures/paper/.texlocal/root/usr/share/texlive/texmf-dist/tex/latex/eso-pic/eso-
pic.sty
(/home/user/Can-Optimizer-State-Repair-Recover-Plasticity-Without-Relearning-Fe
atures/paper/.texlocal/root/usr/share/texlive/texmf-dist/tex/latex/graphics/key
val.sty)
(/home/user/Can-Optimizer-State-Repair-Recover-Plasticity-Without-Relearning-Fe
atures/paper/.texlocal/root/usr/share/texlive/texmf-dist/tex/latex/xcolor/xcolo
r.sty
(/home/user/Can-Optimizer-State-Repair-Recover-Plasticity-Without-Relearning-Fe
atures/paper/.texlocal/root/usr/share/texlive/texmf-dist/tex/latex/graphics-cfg
/color.cfg)
(/home/user/Can-Optimizer-State-Repair-Recover-Plasticity-Without-Relearning-Fe
atures/paper/.texlocal/root/usr/share/texlive/texmf-dist/tex/latex/graphics-def
/pdftex.def)
(/home/user/Can-Optimizer-State-Repair-Recover-Plasticity-Without-Relearning-Fe
atures/paper/.texlocal/root/usr/share/texlive/texmf-dist/tex/latex/graphics/mat
hcolor.ltx)))
(/home/user/Can-Optimizer-State-Repair-Recover-Plasticity-Without-Relearning-Fe
atures/paper/iclr_style_official/iclr2027/fancyhdr.sty)
(/home/user/Can-Optimizer-State-Repair-Recover-Plasticity-Without-Relearning-Fe
atures/paper/iclr_style_official/iclr2027/natbib.sty))
(/home/user/Can-Optimizer-State-Repair-Recover-Plasticity-Without-Relearning-Fe
atures/paper/.texlocal/root/usr/share/texlive/texmf-dist/tex/latex/psnfss/times
.sty)
(/home/user/Can-Optimizer-State-Repair-Recover-Plasticity-Without-Relearning-Fe
atures/paper/iclr_style_official/iclr2027/math_commands.tex
(/home/user/Can-Optimizer-State-Repair-Recover-Plasticity-Without-Relearning-Fe
atures/paper/.texlocal/root/usr/share/texlive/texmf-dist/tex/latex/amsmath/amsm
ath.sty
For additional information on amsmath, use the `?' option.

(/home/user/Can-Optimizer-State-Repair-Recover-Plasticity-Without-Relearning-Fe
atures/paper/.texlocal/root/usr/share/texlive/texmf-dist/tex/latex/amsmath/amst
ext.sty
(/home/user/Can-Optimizer-State-Repair-Recover-Plasticity-Without-Relearning-Fe
atures/paper/.texlocal/root/usr/share/texlive/texmf-dist/tex/latex/amsmath/amsg
en.sty))
(/home/user/Can-Optimizer-State-Repair-Recover-Plasticity-Without-Relearning-Fe
atures/paper/.texlocal/root/usr/share/texlive/texmf-dist/tex/latex/amsmath/amsb
sy.sty)
(/home/user/Can-Optimizer-State-Repair-Recover-Plasticity-Without-Relearning-Fe
atures/paper/.texlocal/root/usr/share/texlive/texmf-dist/tex/latex/amsmath/amso
pn.sty))
(/home/user/Can-Optimizer-State-Repair-Recover-Plasticity-Without-Relearning-Fe
atures/paper/.texlocal/root/usr/share/texlive/texmf-dist/tex/latex/amsfonts/ams
fonts.sty)
(/home/user/Can-Optimizer-State-Repair-Recover-Plasticity-Without-Relearning-Fe
atures/paper/.texlocal/root/usr/share/texlive/texmf-dist/tex/latex/tools/bm.sty
))
(/home/user/Can-Optimizer-State-Repair-Recover-Plasticity-Without-Relearning-Fe
atures/paper/.texlocal/root/usr/share/texlive/texmf-dist/tex/latex/hyperref/hyp
erref.sty
(/home/user/Can-Optimizer-State-Repair-Recover-Plasticity-Without-Relearning-Fe
atures/paper/.texlocal/root/usr/share/texlive/texmf-dist/tex/generic/iftex/ifte
x.sty)
(/home/user/Can-Optimizer-State-Repair-Recover-Plasticity-Without-Relearning-Fe
atures/paper/.texlocal/root/usr/share/texlive/texmf-dist/tex/latex/kvsetkeys/kv
setkeys.sty)
(/home/user/Can-Optimizer-State-Repair-Recover-Plasticity-Without-Relearning-Fe
atures/paper/.texlocal/root/usr/share/texlive/texmf-dist/tex/generic/kvdefineke
ys/kvdefinekeys.sty)
(/home/user/Can-Optimizer-State-Repair-Recover-Plasticity-Without-Relearning-Fe
atures/paper/.texlocal/root/usr/share/texlive/texmf-dist/tex/generic/pdfescape/
pdfescape.sty
(/home/user/Can-Optimizer-State-Repair-Recover-Plasticity-Without-Relearning-Fe
atures/paper/.texlocal/root/usr/share/texlive/texmf-dist/tex/generic/ltxcmds/lt
xcmds.sty)
(/home/user/Can-Optimizer-State-Repair-Recover-Plasticity-Without-Relearning-Fe
atures/paper/.texlocal/root/usr/share/texlive/texmf-dist/tex/generic/pdftexcmds
/pdftexcmds.sty
(/home/user/Can-Optimizer-State-Repair-Recover-Plasticity-Without-Relearning-Fe
atures/paper/.texlocal/root/usr/share/texlive/texmf-dist/tex/generic/infwarerr/
infwarerr.sty)))
(/home/user/Can-Optimizer-State-Repair-Recover-Plasticity-Without-Relearning-Fe
atures/paper/.texlocal/root/usr/share/texlive/texmf-dist/tex/latex/hycolor/hyco
lor.sty)
(/home/user/Can-Optimizer-State-Repair-Recover-Plasticity-Without-Relearning-Fe
atures/paper/.texlocal/root/usr/share/texlive/texmf-dist/tex/latex/auxhook/auxh
ook.sty)
(/home/user/Can-Optimizer-State-Repair-Recover-Plasticity-Without-Relearning-Fe
atures/paper/.texlocal/root/usr/share/texlive/texmf-dist/tex/latex/hyperref/nam
eref.sty
(/home/user/Can-Optimizer-State-Repair-Recover-Plasticity-Without-Relearning-Fe
atures/paper/.texlocal/root/usr/share/texlive/texmf-dist/tex/latex/refcount/ref
count.sty)
(/home/user/Can-Optimizer-State-Repair-Recover-Plasticity-Without-Relearning-Fe
atures/paper/.texlocal/root/usr/share/texlive/texmf-dist/tex/generic/gettitlest
ring/gettitlestring.sty
(/home/user/Can-Optimizer-State-Repair-Recover-Plasticity-Without-Relearning-Fe
atures/paper/.texlocal/root/usr/share/texlive/texmf-dist/tex/latex/kvoptions/kv
options.sty)))
(/home/user/Can-Optimizer-State-Repair-Recover-Plasticity-Without-Relearning-Fe
atures/paper/.texlocal/root/usr/share/texlive/texmf-dist/tex/latex/etoolbox/eto
olbox.sty)
(/home/user/Can-Optimizer-State-Repair-Recover-Plasticity-Without-Relearning-Fe
atures/paper/.texlocal/root/usr/share/texlive/texmf-dist/tex/latex/hyperref/pd1
enc.def)
(/home/user/Can-Optimizer-State-Repair-Recover-Plasticity-Without-Relearning-Fe
atures/paper/.texlocal/root/usr/share/texlive/texmf-dist/tex/generic/intcalc/in
tcalc.sty)
(/home/user/Can-Optimizer-State-Repair-Recover-Plasticity-Without-Relearning-Fe
atures/paper/.texlocal/root/usr/share/texlive/texmf-dist/tex/latex/hyperref/pue
nc.def)
(/home/user/Can-Optimizer-State-Repair-Recover-Plasticity-Without-Relearning-Fe
atures/paper/.texlocal/root/usr/share/texlive/texmf-dist/tex/latex/url/url.sty)

(/home/user/Can-Optimizer-State-Repair-Recover-Plasticity-Without-Relearning-Fe
atures/paper/.texlocal/root/usr/share/texlive/texmf-dist/tex/generic/bitset/bit
set.sty
(/home/user/Can-Optimizer-State-Repair-Recover-Plasticity-Without-Relearning-Fe
atures/paper/.texlocal/root/usr/share/texlive/texmf-dist/tex/generic/bigintcalc
/bigintcalc.sty))
(/home/user/Can-Optimizer-State-Repair-Recover-Plasticity-Without-Relearning-Fe
atures/paper/.texlocal/root/usr/share/texlive/texmf-dist/tex/latex/base/atbegsh
i-ltx.sty))
(/home/user/Can-Optimizer-State-Repair-Recover-Plasticity-Without-Relearning-Fe
atures/paper/.texlocal/root/usr/share/texlive/texmf-dist/tex/latex/hyperref/hpd
ftex.def
(/home/user/Can-Optimizer-State-Repair-Recover-Plasticity-Without-Relearning-Fe
atures/paper/.texlocal/root/usr/share/texlive/texmf-dist/tex/latex/base/atverye
nd-ltx.sty)
(/home/user/Can-Optimizer-State-Repair-Recover-Plasticity-Without-Relearning-Fe
atures/paper/.texlocal/root/usr/share/texlive/texmf-dist/tex/latex/rerunfileche
ck/rerunfilecheck.sty
(/home/user/Can-Optimizer-State-Repair-Recover-Plasticity-Without-Relearning-Fe
atures/paper/.texlocal/root/usr/share/texlive/texmf-dist/tex/generic/uniquecoun
ter/uniquecounter.sty)))
(/home/user/Can-Optimizer-State-Repair-Recover-Plasticity-Without-Relearning-Fe
atures/paper/.texlocal/root/usr/share/texlive/texmf-dist/tex/latex/booktabs/boo
ktabs.sty)
(/home/user/Can-Optimizer-State-Repair-Recover-Plasticity-Without-Relearning-Fe
atures/paper/.texlocal/root/usr/share/texlive/texmf-dist/tex/latex/amsfonts/ams
symb.sty)
(/home/user/Can-Optimizer-State-Repair-Recover-Plasticity-Without-Relearning-Fe
atures/paper/.texlocal/root/usr/share/texlive/texmf-dist/tex/latex/pgfplots/pgf
plots.sty
(/home/user/Can-Optimizer-State-Repair-Recover-Plasticity-Without-Relearning-Fe
atures/paper/.texlocal/root/usr/share/texlive/texmf-dist/tex/generic/pgfplots/p
gfplots.revision.tex)
(/home/user/Can-Optimizer-State-Repair-Recover-Plasticity-Without-Relearning-Fe
atures/paper/.texlocal/root/usr/share/texlive/texmf-dist/tex/latex/graphics/gra
phicx.sty
(/home/user/Can-Optimizer-State-Repair-Recover-Plasticity-Without-Relearning-Fe
atures/paper/.texlocal/root/usr/share/texlive/texmf-dist/tex/latex/graphics/gra
phics.sty
(/home/user/Can-Optimizer-State-Repair-Recover-Plasticity-Without-Relearning-Fe
atures/paper/.texlocal/root/usr/share/texlive/texmf-dist/tex/latex/graphics/tri
g.sty)
(/home/user/Can-Optimizer-State-Repair-Recover-Plasticity-Without-Relearning-Fe
atures/paper/.texlocal/root/usr/share/texlive/texmf-dist/tex/latex/graphics-cfg
/graphics.cfg)))
(/home/user/Can-Optimizer-State-Repair-Recover-Plasticity-Without-Relearning-Fe
atures/paper/.texlocal/root/usr/share/texlive/texmf-dist/tex/latex/pgf/frontend
layer/tikz.sty
(/home/user/Can-Optimizer-State-Repair-Recover-Plasticity-Without-Relearning-Fe
atures/paper/.texlocal/root/usr/share/texlive/texmf-dist/tex/latex/pgf/basiclay
er/pgf.sty
(/home/user/Can-Optimizer-State-Repair-Recover-Plasticity-Without-Relearning-Fe
atures/paper/.texlocal/root/usr/share/texlive/texmf-dist/tex/latex/pgf/utilitie
s/pgfrcs.sty
(/home/user/Can-Optimizer-State-Repair-Recover-Plasticity-Without-Relearning-Fe
atures/paper/.texlocal/root/usr/share/texlive/texmf-dist/tex/generic/pgf/utilit
ies/pgfutil-common.tex)
(/home/user/Can-Optimizer-State-Repair-Recover-Plasticity-Without-Relearning-Fe
atures/paper/.texlocal/root/usr/share/texlive/texmf-dist/tex/generic/pgf/utilit
ies/pgfutil-latex.def)
(/home/user/Can-Optimizer-State-Repair-Recover-Plasticity-Without-Relearning-Fe
atures/paper/.texlocal/root/usr/share/texlive/texmf-dist/tex/generic/pgf/utilit
ies/pgfrcs.code.tex
(/home/user/Can-Optimizer-State-Repair-Recover-Plasticity-Without-Relearning-Fe
atures/paper/.texlocal/root/usr/share/texlive/texmf-dist/tex/generic/pgf/pgf.re
vision.tex)))
(/home/user/Can-Optimizer-State-Repair-Recover-Plasticity-Without-Relearning-Fe
atures/paper/.texlocal/root/usr/share/texlive/texmf-dist/tex/latex/pgf/basiclay
er/pgfcore.sty
(/home/user/Can-Optimizer-State-Repair-Recover-Plasticity-Without-Relearning-Fe
atures/paper/.texlocal/root/usr/share/texlive/texmf-dist/tex/latex/pgf/systemla
yer/pgfsys.sty
(/home/user/Can-Optimizer-State-Repair-Recover-Plasticity-Without-Relearning-Fe
atures/paper/.texlocal/root/usr/share/texlive/texmf-dist/tex/generic/pgf/system
layer/pgfsys.code.tex
(/home/user/Can-Optimizer-State-Repair-Recover-Plasticity-Without-Relearning-Fe
atures/paper/.texlocal/root/usr/share/texlive/texmf-dist/tex/generic/pgf/utilit
ies/pgfkeys.code.tex
(/home/user/Can-Optimizer-State-Repair-Recover-Plasticity-Without-Relearning-Fe
atures/paper/.texlocal/root/usr/share/texlive/texmf-dist/tex/generic/pgf/utilit
ies/pgfkeyslibraryfiltered.code.tex))
(/home/user/Can-Optimizer-State-Repair-Recover-Plasticity-Without-Relearning-Fe
atures/paper/.texlocal/root/usr/share/texlive/texmf-dist/tex/generic/pgf/system
layer/pgf.cfg)
(/home/user/Can-Optimizer-State-Repair-Recover-Plasticity-Without-Relearning-Fe
atures/paper/.texlocal/root/usr/share/texlive/texmf-dist/tex/generic/pgf/system
layer/pgfsys-pdftex.def
(/home/user/Can-Optimizer-State-Repair-Recover-Plasticity-Without-Relearning-Fe
atures/paper/.texlocal/root/usr/share/texlive/texmf-dist/tex/generic/pgf/system
layer/pgfsys-common-pdf.def)))
(/home/user/Can-Optimizer-State-Repair-Recover-Plasticity-Without-Relearning-Fe
atures/paper/.texlocal/root/usr/share/texlive/texmf-dist/tex/generic/pgf/system
layer/pgfsyssoftpath.code.tex)
(/home/user/Can-Optimizer-State-Repair-Recover-Plasticity-Without-Relearning-Fe
atures/paper/.texlocal/root/usr/share/texlive/texmf-dist/tex/generic/pgf/system
layer/pgfsysprotocol.code.tex))
(/home/user/Can-Optimizer-State-Repair-Recover-Plasticity-Without-Relearning-Fe
atures/paper/.texlocal/root/usr/share/texlive/texmf-dist/tex/generic/pgf/basicl
ayer/pgfcore.code.tex
(/home/user/Can-Optimizer-State-Repair-Recover-Plasticity-Without-Relearning-Fe
atures/paper/.texlocal/root/usr/share/texlive/texmf-dist/tex/generic/pgf/math/p
gfmath.code.tex
(/home/user/Can-Optimizer-State-Repair-Recover-Plasticity-Without-Relearning-Fe
atures/paper/.texlocal/root/usr/share/texlive/texmf-dist/tex/generic/pgf/math/p
gfmathutil.code.tex)
(/home/user/Can-Optimizer-State-Repair-Recover-Plasticity-Without-Relearning-Fe
atures/paper/.texlocal/root/usr/share/texlive/texmf-dist/tex/generic/pgf/math/p
gfmathparser.code.tex)
(/home/user/Can-Optimizer-State-Repair-Recover-Plasticity-Without-Relearning-Fe
atures/paper/.texlocal/root/usr/share/texlive/texmf-dist/tex/generic/pgf/math/p
gfmathfunctions.code.tex)
(/home/user/Can-Optimizer-State-Repair-Recover-Plasticity-Without-Relearning-Fe
atures/paper/.texlocal/root/usr/share/texlive/texmf-dist/tex/generic/pgf/math/p
gfmathfunctions.basic.code.tex)
(/home/user/Can-Optimizer-State-Repair-Recover-Plasticity-Without-Relearning-Fe
atures/paper/.texlocal/root/usr/share/texlive/texmf-dist/tex/generic/pgf/math/p
gfmathfunctions.trigonometric.code.tex)
(/home/user/Can-Optimizer-State-Repair-Recover-Plasticity-Without-Relearning-Fe
atures/paper/.texlocal/root/usr/share/texlive/texmf-dist/tex/generic/pgf/math/p
gfmathfunctions.random.code.tex)
(/home/user/Can-Optimizer-State-Repair-Recover-Plasticity-Without-Relearning-Fe
atures/paper/.texlocal/root/usr/share/texlive/texmf-dist/tex/generic/pgf/math/p
gfmathfunctions.comparison.code.tex)
(/home/user/Can-Optimizer-State-Repair-Recover-Plasticity-Without-Relearning-Fe
atures/paper/.texlocal/root/usr/share/texlive/texmf-dist/tex/generic/pgf/math/p
gfmathfunctions.base.code.tex)
(/home/user/Can-Optimizer-State-Repair-Recover-Plasticity-Without-Relearning-Fe
atures/paper/.texlocal/root/usr/share/texlive/texmf-dist/tex/generic/pgf/math/p
gfmathfunctions.round.code.tex)
(/home/user/Can-Optimizer-State-Repair-Recover-Plasticity-Without-Relearning-Fe
atures/paper/.texlocal/root/usr/share/texlive/texmf-dist/tex/generic/pgf/math/p
gfmathfunctions.misc.code.tex)
(/home/user/Can-Optimizer-State-Repair-Recover-Plasticity-Without-Relearning-Fe
atures/paper/.texlocal/root/usr/share/texlive/texmf-dist/tex/generic/pgf/math/p
gfmathfunctions.integerarithmetics.code.tex)
(/home/user/Can-Optimizer-State-Repair-Recover-Plasticity-Without-Relearning-Fe
atures/paper/.texlocal/root/usr/share/texlive/texmf-dist/tex/generic/pgf/math/p
gfmathcalc.code.tex)
(/home/user/Can-Optimizer-State-Repair-Recover-Plasticity-Without-Relearning-Fe
atures/paper/.texlocal/root/usr/share/texlive/texmf-dist/tex/generic/pgf/math/p
gfmathfloat.code.tex))
(/home/user/Can-Optimizer-State-Repair-Recover-Plasticity-Without-Relearning-Fe
atures/paper/.texlocal/root/usr/share/texlive/texmf-dist/tex/generic/pgf/math/p
gfint.code.tex)
(/home/user/Can-Optimizer-State-Repair-Recover-Plasticity-Without-Relearning-Fe
atures/paper/.texlocal/root/usr/share/texlive/texmf-dist/tex/generic/pgf/basicl
ayer/pgfcorepoints.code.tex)
(/home/user/Can-Optimizer-State-Repair-Recover-Plasticity-Without-Relearning-Fe
atures/paper/.texlocal/root/usr/share/texlive/texmf-dist/tex/generic/pgf/basicl
ayer/pgfcorepathconstruct.code.tex)
(/home/user/Can-Optimizer-State-Repair-Recover-Plasticity-Without-Relearning-Fe
atures/paper/.texlocal/root/usr/share/texlive/texmf-dist/tex/generic/pgf/basicl
ayer/pgfcorepathusage.code.tex)
(/home/user/Can-Optimizer-State-Repair-Recover-Plasticity-Without-Relearning-Fe
atures/paper/.texlocal/root/usr/share/texlive/texmf-dist/tex/generic/pgf/basicl
ayer/pgfcorescopes.code.tex)
(/home/user/Can-Optimizer-State-Repair-Recover-Plasticity-Without-Relearning-Fe
atures/paper/.texlocal/root/usr/share/texlive/texmf-dist/tex/generic/pgf/basicl
ayer/pgfcoregraphicstate.code.tex)
(/home/user/Can-Optimizer-State-Repair-Recover-Plasticity-Without-Relearning-Fe
atures/paper/.texlocal/root/usr/share/texlive/texmf-dist/tex/generic/pgf/basicl
ayer/pgfcoretransformations.code.tex)
(/home/user/Can-Optimizer-State-Repair-Recover-Plasticity-Without-Relearning-Fe
atures/paper/.texlocal/root/usr/share/texlive/texmf-dist/tex/generic/pgf/basicl
ayer/pgfcorequick.code.tex)
(/home/user/Can-Optimizer-State-Repair-Recover-Plasticity-Without-Relearning-Fe
atures/paper/.texlocal/root/usr/share/texlive/texmf-dist/tex/generic/pgf/basicl
ayer/pgfcoreobjects.code.tex)
(/home/user/Can-Optimizer-State-Repair-Recover-Plasticity-Without-Relearning-Fe
atures/paper/.texlocal/root/usr/share/texlive/texmf-dist/tex/generic/pgf/basicl
ayer/pgfcorepathprocessing.code.tex)
(/home/user/Can-Optimizer-State-Repair-Recover-Plasticity-Without-Relearning-Fe
atures/paper/.texlocal/root/usr/share/texlive/texmf-dist/tex/generic/pgf/basicl
ayer/pgfcorearrows.code.tex)
(/home/user/Can-Optimizer-State-Repair-Recover-Plasticity-Without-Relearning-Fe
atures/paper/.texlocal/root/usr/share/texlive/texmf-dist/tex/generic/pgf/basicl
ayer/pgfcoreshade.code.tex)
(/home/user/Can-Optimizer-State-Repair-Recover-Plasticity-Without-Relearning-Fe
atures/paper/.texlocal/root/usr/share/texlive/texmf-dist/tex/generic/pgf/basicl
ayer/pgfcoreimage.code.tex)
(/home/user/Can-Optimizer-State-Repair-Recover-Plasticity-Without-Relearning-Fe
atures/paper/.texlocal/root/usr/share/texlive/texmf-dist/tex/generic/pgf/basicl
ayer/pgfcoreexternal.code.tex)
(/home/user/Can-Optimizer-State-Repair-Recover-Plasticity-Without-Relearning-Fe
atures/paper/.texlocal/root/usr/share/texlive/texmf-dist/tex/generic/pgf/basicl
ayer/pgfcorelayers.code.tex)
(/home/user/Can-Optimizer-State-Repair-Recover-Plasticity-Without-Relearning-Fe
atures/paper/.texlocal/root/usr/share/texlive/texmf-dist/tex/generic/pgf/basicl
ayer/pgfcoretransparency.code.tex)
(/home/user/Can-Optimizer-State-Repair-Recover-Plasticity-Without-Relearning-Fe
atures/paper/.texlocal/root/usr/share/texlive/texmf-dist/tex/generic/pgf/basicl
ayer/pgfcorepatterns.code.tex)
(/home/user/Can-Optimizer-State-Repair-Recover-Plasticity-Without-Relearning-Fe
atures/paper/.texlocal/root/usr/share/texlive/texmf-dist/tex/generic/pgf/basicl
ayer/pgfcorerdf.code.tex)))
(/home/user/Can-Optimizer-State-Repair-Recover-Plasticity-Without-Relearning-Fe
atures/paper/.texlocal/root/usr/share/texlive/texmf-dist/tex/generic/pgf/module
s/pgfmoduleshapes.code.tex)
(/home/user/Can-Optimizer-State-Repair-Recover-Plasticity-Without-Relearning-Fe
atures/paper/.texlocal/root/usr/share/texlive/texmf-dist/tex/generic/pgf/module
s/pgfmoduleplot.code.tex)
(/home/user/Can-Optimizer-State-Repair-Recover-Plasticity-Without-Relearning-Fe
atures/paper/.texlocal/root/usr/share/texlive/texmf-dist/tex/latex/pgf/compatib
ility/pgfcomp-version-0-65.sty)
(/home/user/Can-Optimizer-State-Repair-Recover-Plasticity-Without-Relearning-Fe
atures/paper/.texlocal/root/usr/share/texlive/texmf-dist/tex/latex/pgf/compatib
ility/pgfcomp-version-1-18.sty))
(/home/user/Can-Optimizer-State-Repair-Recover-Plasticity-Without-Relearning-Fe
atures/paper/.texlocal/root/usr/share/texlive/texmf-dist/tex/latex/pgf/utilitie
s/pgffor.sty
(/home/user/Can-Optimizer-State-Repair-Recover-Plasticity-Without-Relearning-Fe
atures/paper/.texlocal/root/usr/share/texlive/texmf-dist/tex/latex/pgf/utilitie
s/pgfkeys.sty
(/home/user/Can-Optimizer-State-Repair-Recover-Plasticity-Without-Relearning-Fe
atures/paper/.texlocal/root/usr/share/texlive/texmf-dist/tex/generic/pgf/utilit
ies/pgfkeys.code.tex))
(/home/user/Can-Optimizer-State-Repair-Recover-Plasticity-Without-Relearning-Fe
atures/paper/.texlocal/root/usr/share/texlive/texmf-dist/tex/latex/pgf/math/pgf
math.sty
(/home/user/Can-Optimizer-State-Repair-Recover-Plasticity-Without-Relearning-Fe
atures/paper/.texlocal/root/usr/share/texlive/texmf-dist/tex/generic/pgf/math/p
gfmath.code.tex))
(/home/user/Can-Optimizer-State-Repair-Recover-Plasticity-Without-Relearning-Fe
atures/paper/.texlocal/root/usr/share/texlive/texmf-dist/tex/generic/pgf/utilit
ies/pgffor.code.tex))
(/home/user/Can-Optimizer-State-Repair-Recover-Plasticity-Without-Relearning-Fe
atures/paper/.texlocal/root/usr/share/texlive/texmf-dist/tex/generic/pgf/fronte
ndlayer/tikz/tikz.code.tex
(/home/user/Can-Optimizer-State-Repair-Recover-Plasticity-Without-Relearning-Fe
atures/paper/.texlocal/root/usr/share/texlive/texmf-dist/tex/generic/pgf/librar
ies/pgflibraryplothandlers.code.tex)
(/home/user/Can-Optimizer-State-Repair-Recover-Plasticity-Without-Relearning-Fe
atures/paper/.texlocal/root/usr/share/texlive/texmf-dist/tex/generic/pgf/module
s/pgfmodulematrix.code.tex)
(/home/user/Can-Optimizer-State-Repair-Recover-Plasticity-Without-Relearning-Fe
atures/paper/.texlocal/root/usr/share/texlive/texmf-dist/tex/generic/pgf/fronte
ndlayer/tikz/libraries/tikzlibrarytopaths.code.tex)))
(/home/user/Can-Optimizer-State-Repair-Recover-Plasticity-Without-Relearning-Fe
atures/paper/.texlocal/root/usr/share/texlive/texmf-dist/tex/generic/pgfplots/p
gfplots.code.tex
(/home/user/Can-Optimizer-State-Repair-Recover-Plasticity-Without-Relearning-Fe
atures/paper/.texlocal/root/usr/share/texlive/texmf-dist/tex/generic/pgfplots/p
gfplotscore.code.tex
(/home/user/Can-Optimizer-State-Repair-Recover-Plasticity-Without-Relearning-Fe
atures/paper/.texlocal/root/usr/share/texlive/texmf-dist/tex/generic/pgfplots/s
ys/pgfplotssysgeneric.code.tex))
(/home/user/Can-Optimizer-State-Repair-Recover-Plasticity-Without-Relearning-Fe
atures/paper/.texlocal/root/usr/share/texlive/texmf-dist/tex/generic/pgfplots/l
ibs/pgfplotslibrary.code.tex)
(/home/user/Can-Optimizer-State-Repair-Recover-Plasticity-Without-Relearning-Fe
atures/paper/.texlocal/root/usr/share/texlive/texmf-dist/tex/generic/pgfplots/o
ldpgfcompatib/pgfplotsoldpgfsupp_loader.code.tex
(/home/user/Can-Optimizer-State-Repair-Recover-Plasticity-Without-Relearning-Fe
atures/paper/.texlocal/root/usr/share/texlive/texmf-dist/tex/generic/pgf/librar
ies/pgflibraryfpu.code.tex)
Package pgfplots: loading complementary utilities for your pgf version...

(/home/user/Can-Optimizer-State-Repair-Recover-Plasticity-Without-Relearning-Fe
atures/paper/.texlocal/root/usr/share/texlive/texmf-dist/tex/generic/pgfplots/o
ldpgfcompatib/pgfplotsoldpgfsupp_pgfutil-common-lists.tex))
(/home/user/Can-Optimizer-State-Repair-Recover-Plasticity-Without-Relearning-Fe
atures/paper/.texlocal/root/usr/share/texlive/texmf-dist/tex/generic/pgfplots/u
til/pgfplotsutil.code.tex
(/home/user/Can-Optimizer-State-Repair-Recover-Plasticity-Without-Relearning-Fe
atures/paper/.texlocal/root/usr/share/texlive/texmf-dist/tex/generic/pgfplots/l
iststructure/pgfplotsliststructure.code.tex)
(/home/user/Can-Optimizer-State-Repair-Recover-Plasticity-Without-Relearning-Fe
atures/paper/.texlocal/root/usr/share/texlive/texmf-dist/tex/generic/pgfplots/l
iststructure/pgfplotsliststructureext.code.tex)
(/home/user/Can-Optimizer-State-Repair-Recover-Plasticity-Without-Relearning-Fe
atures/paper/.texlocal/root/usr/share/texlive/texmf-dist/tex/generic/pgfplots/l
iststructure/pgfplotsarray.code.tex)
(/home/user/Can-Optimizer-State-Repair-Recover-Plasticity-Without-Relearning-Fe
atures/paper/.texlocal/root/usr/share/texlive/texmf-dist/tex/generic/pgfplots/l
iststructure/pgfplotsmatrix.code.tex)
(/home/user/Can-Optimizer-State-Repair-Recover-Plasticity-Without-Relearning-Fe
atures/paper/.texlocal/root/usr/share/texlive/texmf-dist/tex/generic/pgfplots/n
umtable/pgfplotstableshared.code.tex)
(/home/user/Can-Optimizer-State-Repair-Recover-Plasticity-Without-Relearning-Fe
atures/paper/.texlocal/root/usr/share/texlive/texmf-dist/tex/generic/pgfplots/l
iststructure/pgfplotsdeque.code.tex)
(/home/user/Can-Optimizer-State-Repair-Recover-Plasticity-Without-Relearning-Fe
atures/paper/.texlocal/root/usr/share/texlive/texmf-dist/tex/generic/pgfplots/u
til/pgfplotsbinary.code.tex
(/home/user/Can-Optimizer-State-Repair-Recover-Plasticity-Without-Relearning-Fe
atures/paper/.texlocal/root/usr/share/texlive/texmf-dist/tex/generic/pgfplots/u
til/pgfplotsbinary.data.code.tex))
(/home/user/Can-Optimizer-State-Repair-Recover-Plasticity-Without-Relearning-Fe
atures/paper/.texlocal/root/usr/share/texlive/texmf-dist/tex/generic/pgfplots/u
til/pgfplotsutil.verb.code.tex)
(/home/user/Can-Optimizer-State-Repair-Recover-Plasticity-Without-Relearning-Fe
atures/paper/.texlocal/root/usr/share/texlive/texmf-dist/tex/generic/pgfplots/l
ibs/pgflibrarypgfplots.surfshading.code.tex
(/home/user/Can-Optimizer-State-Repair-Recover-Plasticity-Without-Relearning-Fe
atures/paper/.texlocal/root/usr/share/texlive/texmf-dist/tex/generic/pgfplots/s
ys/pgflibrarypgfplots.surfshading.pgfsys-pdftex.def)))
(/home/user/Can-Optimizer-State-Repair-Recover-Plasticity-Without-Relearning-Fe
atures/paper/.texlocal/root/usr/share/texlive/texmf-dist/tex/generic/pgfplots/u
til/pgfplotscolormap.code.tex
(/home/user/Can-Optimizer-State-Repair-Recover-Plasticity-Without-Relearning-Fe
atures/paper/.texlocal/root/usr/share/texlive/texmf-dist/tex/generic/pgfplots/u
til/pgfplotscolor.code.tex))
(/home/user/Can-Optimizer-State-Repair-Recover-Plasticity-Without-Relearning-Fe
atures/paper/.texlocal/root/usr/share/texlive/texmf-dist/tex/generic/pgfplots/p
gfplotsstackedplots.code.tex)
(/home/user/Can-Optimizer-State-Repair-Recover-Plasticity-Without-Relearning-Fe
atures/paper/.texlocal/root/usr/share/texlive/texmf-dist/tex/generic/pgfplots/p
gfplotsplothandlers.code.tex
(/home/user/Can-Optimizer-State-Repair-Recover-Plasticity-Without-Relearning-Fe
atures/paper/.texlocal/root/usr/share/texlive/texmf-dist/tex/generic/pgfplots/p
gfplotsmeshplothandler.code.tex
(/home/user/Can-Optimizer-State-Repair-Recover-Plasticity-Without-Relearning-Fe
atures/paper/.texlocal/root/usr/share/texlive/texmf-dist/tex/generic/pgfplots/p
gfplotsmeshplotimage.code.tex)))
(/home/user/Can-Optimizer-State-Repair-Recover-Plasticity-Without-Relearning-Fe
atures/paper/.texlocal/root/usr/share/texlive/texmf-dist/tex/generic/pgfplots/p
gfplots.scaling.code.tex)
(/home/user/Can-Optimizer-State-Repair-Recover-Plasticity-Without-Relearning-Fe
atures/paper/.texlocal/root/usr/share/texlive/texmf-dist/tex/generic/pgfplots/p
gfplotscoordprocessing.code.tex)
(/home/user/Can-Optimizer-State-Repair-Recover-Plasticity-Without-Relearning-Fe
atures/paper/.texlocal/root/usr/share/texlive/texmf-dist/tex/generic/pgfplots/p
gfplots.errorbars.code.tex)
(/home/user/Can-Optimizer-State-Repair-Recover-Plasticity-Without-Relearning-Fe
atures/paper/.texlocal/root/usr/share/texlive/texmf-dist/tex/generic/pgfplots/p
gfplots.markers.code.tex)
(/home/user/Can-Optimizer-State-Repair-Recover-Plasticity-Without-Relearning-Fe
atures/paper/.texlocal/root/usr/share/texlive/texmf-dist/tex/generic/pgfplots/p
gfplotsticks.code.tex)
(/home/user/Can-Optimizer-State-Repair-Recover-Plasticity-Without-Relearning-Fe
atures/paper/.texlocal/root/usr/share/texlive/texmf-dist/tex/generic/pgfplots/p
gfplots.paths.code.tex)
(/home/user/Can-Optimizer-State-Repair-Recover-Plasticity-Without-Relearning-Fe
atures/paper/.texlocal/root/usr/share/texlive/texmf-dist/tex/generic/pgf/fronte
ndlayer/tikz/libraries/tikzlibrarydecorations.code.tex
(/home/user/Can-Optimizer-State-Repair-Recover-Plasticity-Without-Relearning-Fe
atures/paper/.texlocal/root/usr/share/texlive/texmf-dist/tex/generic/pgf/module
s/pgfmoduledecorations.code.tex))
(/home/user/Can-Optimizer-State-Repair-Recover-Plasticity-Without-Relearning-Fe
atures/paper/.texlocal/root/usr/share/texlive/texmf-dist/tex/generic/pgf/fronte
ndlayer/tikz/libraries/tikzlibrarydecorations.pathmorphing.code.tex
(/home/user/Can-Optimizer-State-Repair-Recover-Plasticity-Without-Relearning-Fe
atures/paper/.texlocal/root/usr/share/texlive/texmf-dist/tex/generic/pgf/librar
ies/decorations/pgflibrarydecorations.pathmorphing.code.tex))
(/home/user/Can-Optimizer-State-Repair-Recover-Plasticity-Without-Relearning-Fe
atures/paper/.texlocal/root/usr/share/texlive/texmf-dist/tex/generic/pgf/fronte
ndlayer/tikz/libraries/tikzlibrarydecorations.pathreplacing.code.tex
(/home/user/Can-Optimizer-State-Repair-Recover-Plasticity-Without-Relearning-Fe
atures/paper/.texlocal/root/usr/share/texlive/texmf-dist/tex/generic/pgf/librar
ies/decorations/pgflibrarydecorations.pathreplacing.code.tex))
(/home/user/Can-Optimizer-State-Repair-Recover-Plasticity-Without-Relearning-Fe
atures/paper/.texlocal/root/usr/share/texlive/texmf-dist/tex/generic/pgfplots/l
ibs/tikzlibrarypgfplots.contourlua.code.tex))
(/home/user/Can-Optimizer-State-Repair-Recover-Plasticity-Without-Relearning-Fe
atures/paper/.texlocal/root/usr/share/texlive/texmf-dist/tex/generic/pgf/fronte
ndlayer/tikz/libraries/tikzlibraryplotmarks.code.tex
(/home/user/Can-Optimizer-State-Repair-Recover-Plasticity-Without-Relearning-Fe
atures/paper/.texlocal/root/usr/share/texlive/texmf-dist/tex/generic/pgf/librar
ies/pgflibraryplotmarks.code.tex))) (./tables/numbers.tex)
(/home/user/Can-Optimizer-State-Repair-Recover-Plasticity-Without-Relearning-Fe
atures/paper/.texlocal/root/usr/share/texlive/texmf-dist/tex/latex/psnfss/ot1pt
m.fd)
(/home/user/Can-Optimizer-State-Repair-Recover-Plasticity-Without-Relearning-Fe
atures/paper/.texlocal/root/usr/share/texlive/texmf-dist/tex/latex/l3backend/l3
backend-pdftex.def) (./main.aux)
(/home/user/Can-Optimizer-State-Repair-Recover-Plasticity-Without-Relearning-Fe
atures/paper/.texlocal/root/usr/share/texlive/texmf-dist/tex/context/base/mkii/
supp-pdf.mkii
[Loading MPS to PDF converter (version 2006.09.02).]
)
(/home/user/Can-Optimizer-State-Repair-Recover-Plasticity-Without-Relearning-Fe
atures/paper/.texlocal/root/usr/share/texlive/texmf-dist/tex/latex/epstopdf-pkg
/epstopdf-base.sty
(/home/user/Can-Optimizer-State-Repair-Recover-Plasticity-Without-Relearning-Fe
atures/paper/.texlocal/root/usr/share/texlive/texmf-dist/tex/latex/latexconfig/
epstopdf-sys.cfg)) (./main.out) (./main.out)
Package pgfplots notification 'compat/show suggested version=true': you might b
enefit from \pgfplotsset{compat=1.18} (current compat level: 1.17).


Underfull \hbox (badness 10000) in paragraph at lines 26--26
\OT1/ptm/m/sc/17.28 from Update-Scale Ef-fect-s in Con-tin-u-al

(/home/user/Can-Optimizer-State-Repair-Recover-Plasticity-Without-Relearning-Fe
atures/paper/.texlocal/root/usr/share/texlive/texmf-dist/tex/latex/amsfonts/ums
a.fd)
(/home/user/Can-Optimizer-State-Repair-Recover-Plasticity-Without-Relearning-Fe
atures/paper/.texlocal/root/usr/share/texlive/texmf-dist/tex/latex/amsfonts/ums
b.fd)
(/home/user/Can-Optimizer-State-Repair-Recover-Plasticity-Without-Relearning-Fe
atures/paper/.texlocal/root/usr/share/texlive/texmf-dist/tex/latex/psnfss/ot1pc
r.fd) (./sections/abstract.tex) (./sections/introduction.tex [1{/home/user/Can-
Optimizer-State-Repair-Recover-Plasticity-Without-Relearning-Features/paper/.te
xlocal/var/fonts/map/pdftex/updmap/pdftex.map

pdfTeX warning: /home/user/Can-Optimizer-State-Repair-Recover-Plasticity-Withou
t-Relearning-Features/paper/.texlocal/root/usr/bin/pdflatex (file /home/user/Ca
n-Optimizer-State-Repair-Recover-Plasticity-Without-Relearning-Features/paper/.
texlocal/var/fonts/map/pdftex/updmap/pdftex.map): fontmap entry for `pagd8r' al
ready exists, duplicates ignored


pdfTeX warning: /home/user/Can-Optimizer-State-Repair-Recover-Plasticity-Withou
t-Relearning-Features/paper/.texlocal/root/usr/bin/pdflatex (file /home/user/Ca
n-Optimizer-State-Repair-Recover-Plasticity-Without-Relearning-Features/paper/.
texlocal/var/fonts/map/pdftex/updmap/pdftex.map): fontmap entry for `pagdo8r' a
lready exists, duplicates ignored


pdfTeX warning: /home/user/Can-Optimizer-State-Repair-Recover-Plasticity-Withou
t-Relearning-Features/paper/.texlocal/root/usr/bin/pdflatex (file /home/user/Ca
n-Optimizer-State-Repair-Recover-Plasticity-Without-Relearning-Features/paper/.
texlocal/var/fonts/map/pdftex/updmap/pdftex.map): fontmap entry for `pagk8r' al
ready exists, duplicates ignored


pdfTeX warning: /home/user/Can-Optimizer-State-Repair-Recover-Plasticity-Withou
t-Relearning-Features/paper/.texlocal/root/usr/bin/pdflatex (file /home/user/Ca
n-Optimizer-State-Repair-Recover-Plasticity-Without-Relearning-Features/paper/.
texlocal/var/fonts/map/pdftex/updmap/pdftex.map): fontmap entry for `pagko8r' a
lready exists, duplicates ignored


pdfTeX warning: /home/user/Can-Optimizer-State-Repair-Recover-Plasticity-Withou
t-Relearning-Features/paper/.texlocal/root/usr/bin/pdflatex (file /home/user/Ca
n-Optimizer-State-Repair-Recover-Plasticity-Without-Relearning-Features/paper/.
texlocal/var/fonts/map/pdftex/updmap/pdftex.map): fontmap entry for `pbkd8r' al
ready exists, duplicates ignored


pdfTeX warning: /home/user/Can-Optimizer-State-Repair-Recover-Plasticity-Withou
t-Relearning-Features/paper/.texlocal/root/usr/bin/pdflatex (file /home/user/Ca
n-Optimizer-State-Repair-Recover-Plasticity-Without-Relearning-Features/paper/.
texlocal/var/fonts/map/pdftex/updmap/pdftex.map): fontmap entry for `pbkdi8r' a
lready exists, duplicates ignored


pdfTeX warning: /home/user/Can-Optimizer-State-Repair-Recover-Plasticity-Withou
t-Relearning-Features/paper/.texlocal/root/usr/bin/pdflatex (file /home/user/Ca
n-Optimizer-State-Repair-Recover-Plasticity-Without-Relearning-Features/paper/.
texlocal/var/fonts/map/pdftex/updmap/pdftex.map): invalid entry for `pbkdo8r': 
SlantFont/ExtendFont can be used only with embedded Type1 fonts


pdfTeX warning: /home/user/Can-Optimizer-State-Repair-Recover-Plasticity-Withou
t-Relearning-Features/paper/.texlocal/root/usr/bin/pdflatex (file /home/user/Ca
n-Optimizer-State-Repair-Recover-Plasticity-Without-Relearning-Features/paper/.
texlocal/var/fonts/map/pdftex/updmap/pdftex.map): fontmap entry for `pbkl8r' al
ready exists, duplicates ignored


pdfTeX warning: /home/user/Can-Optimizer-State-Repair-Recover-Plasticity-Withou
t-Relearning-Features/paper/.texlocal/root/usr/bin/pdflatex (file /home/user/Ca
n-Optimizer-State-Repair-Recover-Plasticity-Without-Relearning-Features/paper/.
texlocal/var/fonts/map/pdftex/updmap/pdftex.map): fontmap entry for `pbkli8r' a
lready exists, duplicates ignored


pdfTeX warning: /home/user/Can-Optimizer-State-Repair-Recover-Plasticity-Withou
t-Relearning-Features/paper/.texlocal/root/usr/bin/pdflatex (file /home/user/Ca
n-Optimizer-State-Repair-Recover-Plasticity-Without-Relearning-Features/paper/.
texlocal/var/fonts/map/pdftex/updmap/pdftex.map): invalid entry for `pbklo8r': 
SlantFont/ExtendFont can be used only with embedded Type1 fonts


pdfTeX warning: /home/user/Can-Optimizer-State-Repair-Recover-Plasticity-Withou
t-Relearning-Features/paper/.texlocal/root/usr/bin/pdflatex (file /home/user/Ca
n-Optimizer-State-Repair-Recover-Plasticity-Without-Relearning-Features/paper/.
texlocal/var/fonts/map/pdftex/updmap/pdftex.map): fontmap entry for `pcrb8r' al
ready exists, duplicates ignored


pdfTeX warning: /home/user/Can-Optimizer-State-Repair-Recover-Plasticity-Withou
t-Relearning-Features/paper/.texlocal/root/usr/bin/pdflatex (file /home/user/Ca
n-Optimizer-State-Repair-Recover-Plasticity-Without-Relearning-Features/paper/.
texlocal/var/fonts/map/pdftex/updmap/pdftex.map): fontmap entry for `pcrbo8r' a
lready exists, duplicates ignored


pdfTeX warning: /home/user/Can-Optimizer-State-Repair-Recover-Plasticity-Withou
t-Relearning-Features/paper/.texlocal/root/usr/bin/pdflatex (file /home/user/Ca
n-Optimizer-State-Repair-Recover-Plasticity-Without-Relearning-Features/paper/.
texlocal/var/fonts/map/pdftex/updmap/pdftex.map): fontmap entry for `pcrr8r' al
ready exists, duplicates ignored


pdfTeX warning: /home/user/Can-Optimizer-State-Repair-Recover-Plasticity-Withou
t-Relearning-Features/paper/.texlocal/root/usr/bin/pdflatex (file /home/user/Ca
n-Optimizer-State-Repair-Recover-Plasticity-Without-Relearning-Features/paper/.
texlocal/var/fonts/map/pdftex/updmap/pdftex.map): fontmap entry for `pcrro8r' a
lready exists, duplicates ignored


pdfTeX warning: /home/user/Can-Optimizer-State-Repair-Recover-Plasticity-Withou
t-Relearning-Features/paper/.texlocal/root/usr/bin/pdflatex (file /home/user/Ca
n-Optimizer-State-Repair-Recover-Plasticity-Without-Relearning-Features/paper/.
texlocal/var/fonts/map/pdftex/updmap/pdftex.map): fontmap entry for `phvb8r' al
ready exists, duplicates ignored


pdfTeX warning: /home/user/Can-Optimizer-State-Repair-Recover-Plasticity-Withou
t-Relearning-Features/paper/.texlocal/root/usr/bin/pdflatex (file /home/user/Ca
n-Optimizer-State-Repair-Recover-Plasticity-Without-Relearning-Features/paper/.
texlocal/var/fonts/map/pdftex/updmap/pdftex.map): fontmap entry for `phvb8rn' a
lready exists, duplicates ignored


pdfTeX warning: /home/user/Can-Optimizer-State-Repair-Recover-Plasticity-Withou
t-Relearning-Features/paper/.texlocal/root/usr/bin/pdflatex (file /home/user/Ca
n-Optimizer-State-Repair-Recover-Plasticity-Without-Relearning-Features/paper/.
texlocal/var/fonts/map/pdftex/updmap/pdftex.map): fontmap entry for `phvbo8r' a
lready exists, duplicates ignored


pdfTeX warning: /home/user/Can-Optimizer-State-Repair-Recover-Plasticity-Withou
t-Relearning-Features/paper/.texlocal/root/usr/bin/pdflatex (file /home/user/Ca
n-Optimizer-State-Repair-Recover-Plasticity-Without-Relearning-Features/paper/.
texlocal/var/fonts/map/pdftex/updmap/pdftex.map): fontmap entry for `phvbo8rn' 
already exists, duplicates ignored


pdfTeX warning: /home/user/Can-Optimizer-State-Repair-Recover-Plasticity-Withou
t-Relearning-Features/paper/.texlocal/root/usr/bin/pdflatex (file /home/user/Ca
n-Optimizer-State-Repair-Recover-Plasticity-Without-Relearning-Features/paper/.
texlocal/var/fonts/map/pdftex/updmap/pdftex.map): fontmap entry for `phvr8r' al
ready exists, duplicates ignored


pdfTeX warning: /home/user/Can-Optimizer-State-Repair-Recover-Plasticity-Withou
t-Relearning-Features/paper/.texlocal/root/usr/bin/pdflatex (file /home/user/Ca
n-Optimizer-State-Repair-Recover-Plasticity-Without-Relearning-Features/paper/.
texlocal/var/fonts/map/pdftex/updmap/pdftex.map): fontmap entry for `phvr8rn' a
lready exists, duplicates ignored


pdfTeX warning: /home/user/Can-Optimizer-State-Repair-Recover-Plasticity-Withou
t-Relearning-Features/paper/.texlocal/root/usr/bin/pdflatex (file /home/user/Ca
n-Optimizer-State-Repair-Recover-Plasticity-Without-Relearning-Features/paper/.
texlocal/var/fonts/map/pdftex/updmap/pdftex.map): fontmap entry for `phvro8r' a
lready exists, duplicates ignored


pdfTeX warning: /home/user/Can-Optimizer-State-Repair-Recover-Plasticity-Withou
t-Relearning-Features/paper/.texlocal/root/usr/bin/pdflatex (file /home/user/Ca
n-Optimizer-State-Repair-Recover-Plasticity-Without-Relearning-Features/paper/.
texlocal/var/fonts/map/pdftex/updmap/pdftex.map): fontmap entry for `phvro8rn' 
already exists, duplicates ignored


pdfTeX warning: /home/user/Can-Optimizer-State-Repair-Recover-Plasticity-Withou
t-Relearning-Features/paper/.texlocal/root/usr/bin/pdflatex (file /home/user/Ca
n-Optimizer-State-Repair-Recover-Plasticity-Without-Relearning-Features/paper/.
texlocal/var/fonts/map/pdftex/updmap/pdftex.map): fontmap entry for `pncb8r' al
ready exists, duplicates ignored


pdfTeX warning: /home/user/Can-Optimizer-State-Repair-Recover-Plasticity-Withou
t-Relearning-Features/paper/.texlocal/root/usr/bin/pdflatex (file /home/user/Ca
n-Optimizer-State-Repair-Recover-Plasticity-Without-Relearning-Features/paper/.
texlocal/var/fonts/map/pdftex/updmap/pdftex.map): fontmap entry for `pncbi8r' a
lready exists, duplicates ignored


pdfTeX warning: /home/user/Can-Optimizer-State-Repair-Recover-Plasticity-Withou
t-Relearning-Features/paper/.texlocal/root/usr/bin/pdflatex (file /home/user/Ca
n-Optimizer-State-Repair-Recover-Plasticity-Without-Relearning-Features/paper/.
texlocal/var/fonts/map/pdftex/updmap/pdftex.map): invalid entry for `pncbo8r': 
SlantFont/ExtendFont can be used only with embedded Type1 fonts


pdfTeX warning: /home/user/Can-Optimizer-State-Repair-Recover-Plasticity-Withou
t-Relearning-Features/paper/.texlocal/root/usr/bin/pdflatex (file /home/user/Ca
n-Optimizer-State-Repair-Recover-Plasticity-Without-Relearning-Features/paper/.
texlocal/var/fonts/map/pdftex/updmap/pdftex.map): fontmap entry for `pncr8r' al
ready exists, duplicates ignored


pdfTeX warning: /home/user/Can-Optimizer-State-Repair-Recover-Plasticity-Withou
t-Relearning-Features/paper/.texlocal/root/usr/bin/pdflatex (file /home/user/Ca
n-Optimizer-State-Repair-Recover-Plasticity-Without-Relearning-Features/paper/.
texlocal/var/fonts/map/pdftex/updmap/pdftex.map): fontmap entry for `pncri8r' a
lready exists, duplicates ignored


pdfTeX warning: /home/user/Can-Optimizer-State-Repair-Recover-Plasticity-Withou
t-Relearning-Features/paper/.texlocal/root/usr/bin/pdflatex (file /home/user/Ca
n-Optimizer-State-Repair-Recover-Plasticity-Without-Relearning-Features/paper/.
texlocal/var/fonts/map/pdftex/updmap/pdftex.map): invalid entry for `pncro8r': 
SlantFont/ExtendFont can be used only with embedded Type1 fonts


pdfTeX warning: /home/user/Can-Optimizer-State-Repair-Recover-Plasticity-Withou
t-Relearning-Features/paper/.texlocal/root/usr/bin/pdflatex (file /home/user/Ca
n-Optimizer-State-Repair-Recover-Plasticity-Without-Relearning-Features/paper/.
texlocal/var/fonts/map/pdftex/updmap/pdftex.map): fontmap entry for `pplb8r' al
ready exists, duplicates ignored


pdfTeX warning: /home/user/Can-Optimizer-State-Repair-Recover-Plasticity-Withou
t-Relearning-Features/paper/.texlocal/root/usr/bin/pdflatex (file /home/user/Ca
n-Optimizer-State-Repair-Recover-Plasticity-Without-Relearning-Features/paper/.
texlocal/var/fonts/map/pdftex/updmap/pdftex.map): fontmap entry for `pplbi8r' a
lready exists, duplicates ignored


pdfTeX warning: /home/user/Can-Optimizer-State-Repair-Recover-Plasticity-Withou
t-Relearning-Features/paper/.texlocal/root/usr/bin/pdflatex (file /home/user/Ca
n-Optimizer-State-Repair-Recover-Plasticity-Without-Relearning-Features/paper/.
texlocal/var/fonts/map/pdftex/updmap/pdftex.map): invalid entry for `pplbo8r': 
SlantFont/ExtendFont can be used only with embedded Type1 fonts


pdfTeX warning: /home/user/Can-Optimizer-State-Repair-Recover-Plasticity-Withou
t-Relearning-Features/paper/.texlocal/root/usr/bin/pdflatex (file /home/user/Ca
n-Optimizer-State-Repair-Recover-Plasticity-Without-Relearning-Features/paper/.
texlocal/var/fonts/map/pdftex/updmap/pdftex.map): fontmap entry for `pplr8r' al
ready exists, duplicates ignored


pdfTeX warning: /home/user/Can-Optimizer-State-Repair-Recover-Plasticity-Withou
t-Relearning-Features/paper/.texlocal/root/usr/bin/pdflatex (file /home/user/Ca
n-Optimizer-State-Repair-Recover-Plasticity-Without-Relearning-Features/paper/.
texlocal/var/fonts/map/pdftex/updmap/pdftex.map): fontmap entry for `pplri8r' a
lready exists, duplicates ignored


pdfTeX warning: /home/user/Can-Optimizer-State-Repair-Recover-Plasticity-Withou
t-Relearning-Features/paper/.texlocal/root/usr/bin/pdflatex (file /home/user/Ca
n-Optimizer-State-Repair-Recover-Plasticity-Without-Relearning-Features/paper/.
texlocal/var/fonts/map/pdftex/updmap/pdftex.map): invalid entry for `pplro8r': 
SlantFont/ExtendFont can be used only with embedded Type1 fonts


pdfTeX warning: /home/user/Can-Optimizer-State-Repair-Recover-Plasticity-Withou
t-Relearning-Features/paper/.texlocal/root/usr/bin/pdflatex (file /home/user/Ca
n-Optimizer-State-Repair-Recover-Plasticity-Without-Relearning-Features/paper/.
texlocal/var/fonts/map/pdftex/updmap/pdftex.map): fontmap entry for `psyr' alre
ady exists, duplicates ignored


pdfTeX warning: /home/user/Can-Optimizer-State-Repair-Recover-Plasticity-Withou
t-Relearning-Features/paper/.texlocal/root/usr/bin/pdflatex (file /home/user/Ca
n-Optimizer-State-Repair-Recover-Plasticity-Without-Relearning-Features/paper/.
texlocal/var/fonts/map/pdftex/updmap/pdftex.map): invalid entry for `psyro': Sl
antFont/ExtendFont can be used only with embedded Type1 fonts


pdfTeX warning: /home/user/Can-Optimizer-State-Repair-Recover-Plasticity-Withou
t-Relearning-Features/paper/.texlocal/root/usr/bin/pdflatex (file /home/user/Ca
n-Optimizer-State-Repair-Recover-Plasticity-Without-Relearning-Features/paper/.
texlocal/var/fonts/map/pdftex/updmap/pdftex.map): fontmap entry for `ptmb8r' al
ready exists, duplicates ignored


pdfTeX warning: /home/user/Can-Optimizer-State-Repair-Recover-Plasticity-Withou
t-Relearning-Features/paper/.texlocal/root/usr/bin/pdflatex (file /home/user/Ca
n-Optimizer-State-Repair-Recover-Plasticity-Without-Relearning-Features/paper/.
texlocal/var/fonts/map/pdftex/updmap/pdftex.map): fontmap entry for `ptmbi8r' a
lready exists, duplicates ignored


pdfTeX warning: /home/user/Can-Optimizer-State-Repair-Recover-Plasticity-Withou
t-Relearning-Features/paper/.texlocal/root/usr/bin/pdflatex (file /home/user/Ca
n-Optimizer-State-Repair-Recover-Plasticity-Without-Relearning-Features/paper/.
texlocal/var/fonts/map/pdftex/updmap/pdftex.map): invalid entry for `ptmbo8r': 
SlantFont/ExtendFont can be used only with embedded Type1 fonts


pdfTeX warning: /home/user/Can-Optimizer-State-Repair-Recover-Plasticity-Withou
t-Relearning-Features/paper/.texlocal/root/usr/bin/pdflatex (file /home/user/Ca
n-Optimizer-State-Repair-Recover-Plasticity-Without-Relearning-Features/paper/.
texlocal/var/fonts/map/pdftex/updmap/pdftex.map): fontmap entry for `ptmr8r' al
ready exists, duplicates ignored


pdfTeX warning: /home/user/Can-Optimizer-State-Repair-Recover-Plasticity-Withou
t-Relearning-Features/paper/.texlocal/root/usr/bin/pdflatex (file /home/user/Ca
n-Optimizer-State-Repair-Recover-Plasticity-Without-Relearning-Features/paper/.
texlocal/var/fonts/map/pdftex/updmap/pdftex.map): fontmap entry for `ptmri8r' a
lready exists, duplicates ignored


pdfTeX warning: /home/user/Can-Optimizer-State-Repair-Recover-Plasticity-Withou
t-Relearning-Features/paper/.texlocal/root/usr/bin/pdflatex (file /home/user/Ca
n-Optimizer-State-Repair-Recover-Plasticity-Without-Relearning-Features/paper/.
texlocal/var/fonts/map/pdftex/updmap/pdftex.map): invalid entry for `ptmro8r': 
SlantFont/ExtendFont can be used only with embedded Type1 fonts


pdfTeX warning: /home/user/Can-Optimizer-State-Repair-Recover-Plasticity-Withou
t-Relearning-Features/paper/.texlocal/root/usr/bin/pdflatex (file /home/user/Ca
n-Optimizer-State-Repair-Recover-Plasticity-Without-Relearning-Features/paper/.
texlocal/var/fonts/map/pdftex/updmap/pdftex.map): fontmap entry for `pzcmi8r' a
lready exists, duplicates ignored


pdfTeX warning: /home/user/Can-Optimizer-State-Repair-Recover-Plasticity-Withou
t-Relearning-Features/paper/.texlocal/root/usr/bin/pdflatex (file /home/user/Ca
n-Optimizer-State-Repair-Recover-Plasticity-Without-Relearning-Features/paper/.
texlocal/var/fonts/map/pdftex/updmap/pdftex.map): fontmap entry for `pzdr' alre
ady exists, duplicates ignored
}{/home/user/Can-Optimizer-State-Repair-Recover-Plasticity-Without-Relearning-F
eatures/paper/.texlocal/root/usr/share/texlive/texmf-dist/fonts/enc/dvips/base/
8r.enc}]
(/home/user/Can-Optimizer-State-Repair-Recover-Plasticity-Without-Relearning-Fe
atures/paper/.texlocal/root/usr/share/texlive/texmf-dist/tex/latex/psnfss/ts1pt
m.fd)) (./sections/related.tex) (./sections/setting.tex [2])
(./sections/analysis.tex [3]
Underfull \hbox (badness 2368) in paragraph at lines 16--24
\OT1/ptm/m/n/10 This as-sumes $\OML/cmm/m/it/10 ^^O$ \OT1/ptm/m/n/10 is added t
o $[]$, as in Al-go-rith-m 1 of []K-ing-ma & Ba[] ([]2015[]) and in
) (./sections/results.tex [4] (./tables/tab_phenomenon.tex)
(./tables/tab_interventions.tex) [5]) (./sections/discussion.tex [6])
(./sections/conclusion.tex) (./sections/statements.tex) (./main.bbl [7])
(./appendix.tex [8] (./tables/tab_tuning.tex) [9] (./tables/tab_descriptive.tex
)) [10] (./main.aux) )
(see the transcript file for additional information)</home/user/Can-Optimizer-S
tate-Repair-Recover-Plasticity-Without-Relearning-Features/paper/.texlocal/root
/usr/share/texlive/texmf-dist/fonts/type1/public/amsfonts/cm/cmex10.pfb></home/
user/Can-Optimizer-State-Repair-Recover-Plasticity-Without-Relearning-Features/
paper/.texlocal/root/usr/share/texlive/texmf-dist/fonts/type1/public/amsfonts/c
m/cmmi10.pfb></home/user/Can-Optimizer-State-Repair-Recover-Plasticity-Without-
Relearning-Features/paper/.texlocal/root/usr/share/texlive/texmf-dist/fonts/typ
e1/public/amsfonts/cm/cmmi12.pfb></home/user/Can-Optimizer-State-Repair-Recover
-Plasticity-Without-Relearning-Features/paper/.texlocal/root/usr/share/texlive/
texmf-dist/fonts/type1/public/amsfonts/cm/cmmi5.pfb></home/user/Can-Optimizer-S
tate-Repair-Recover-Plasticity-Without-Relearning-Features/paper/.texlocal/root
/usr/share/texlive/texmf-dist/fonts/type1/public/amsfonts/cm/cmmi7.pfb></home/u
ser/Can-Optimizer-State-Repair-Recover-Plasticity-Without-Relearning-Features/p
aper/.texlocal/root/usr/share/texlive/texmf-dist/fonts/type1/public/amsfonts/cm
/cmmi9.pfb></home/user/Can-Optimizer-State-Repair-Recover-Plasticity-Without-Re
learning-Features/paper/.texlocal/root/usr/share/texlive/texmf-dist/fonts/type1
/public/amsfonts/cm/cmr10.pfb></home/user/Can-Optimizer-State-Repair-Recover-Pl
asticity-Without-Relearning-Features/paper/.texlocal/root/usr/share/texlive/tex
mf-dist/fonts/type1/public/amsfonts/cm/cmr12.pfb></home/user/Can-Optimizer-Stat
e-Repair-Recover-Plasticity-Without-Relearning-Features/paper/.texlocal/root/us
r/share/texlive/texmf-dist/fonts/type1/public/amsfonts/cm/cmr5.pfb></home/user/
Can-Optimizer-State-Repair-Recover-Plasticity-Without-Relearning-Features/paper
/.texlocal/root/usr/share/texlive/texmf-dist/fonts/type1/public/amsfonts/cm/cmr
7.pfb></home/user/Can-Optimizer-State-Repair-Recover-Plasticity-Without-Relearn
ing-Features/paper/.texlocal/root/usr/share/texlive/texmf-dist/fonts/type1/publ
ic/amsfonts/cm/cmr9.pfb></home/user/Can-Optimizer-State-Repair-Recover-Plastici
ty-Without-Relearning-Features/paper/.texlocal/root/usr/share/texlive/texmf-dis
t/fonts/type1/public/amsfonts/cm/cmsy10.pfb></home/user/Can-Optimizer-State-Rep
air-Recover-Plasticity-Without-Relearning-Features/paper/.texlocal/root/usr/sha
re/texlive/texmf-dist/fonts/type1/public/amsfonts/cm/cmsy5.pfb></home/user/Can-
Optimizer-State-Repair-Recover-Plasticity-Without-Relearning-Features/paper/.te
xlocal/root/usr/share/texlive/texmf-dist/fonts/type1/public/amsfonts/cm/cmsy7.p
fb></home/user/Can-Optimizer-State-Repair-Recover-Plasticity-Without-Relearning
-Features/paper/.texlocal/root/usr/share/texlive/texmf-dist/fonts/type1/public/
amsfonts/cm/cmsy9.pfb></home/user/Can-Optimizer-State-Repair-Recover-Plasticity
-Without-Relearning-Features/paper/.texlocal/root/usr/share/texlive/texmf-dist/
fonts/type1/public/amsfonts/symbols/msam10.pfb></home/user/Can-Optimizer-State-
Repair-Recover-Plasticity-Without-Relearning-Features/paper/.texlocal/root/usr/
share/texlive/texmf-dist/fonts/type1/urw/courier/ucrr8a.pfb></home/user/Can-Opt
imizer-State-Repair-Recover-Plasticity-Without-Relearning-Features/paper/.texlo
cal/root/usr/share/texlive/texmf-dist/fonts/type1/urw/courier/ucrro8a.pfb></hom
e/user/Can-Optimizer-State-Repair-Recover-Plasticity-Without-Relearning-Feature
s/paper/.texlocal/root/usr/share/texlive/texmf-dist/fonts/type1/urw/helvetic/uh
vb8a.pfb></home/user/Can-Optimizer-State-Repair-Recover-Plasticity-Without-Rele
arning-Features/paper/.texlocal/root/usr/share/texlive/texmf-dist/fonts/type1/u
rw/times/utmb8a.pfb></home/user/Can-Optimizer-State-Repair-Recover-Plasticity-W
ithout-Relearning-Features/paper/.texlocal/root/usr/share/texlive/texmf-dist/fo
nts/type1/urw/times/utmr8a.pfb></home/user/Can-Optimizer-State-Repair-Recover-P
lasticity-Without-Relearning-Features/paper/.texlocal/root/usr/share/texlive/te
xmf-dist/fonts/type1/urw/times/utmri8a.pfb>
Output written on main.pdf (10 pages, 284709 bytes).
Transcript written on main.log.
built /home/user/Can-Optimizer-State-Repair-Recover-Plasticity-Without-Relearning-Features/paper/main.pdf
